region,month_id,sales_volume,property_type,avg_price,price_change,annual_change,detached_price,detached_change,detached_annual,semi_price,semi_change,semi_annual,terraced_price,terraced_change,terraced_annual,flat_price,flat_change,flat_annual,cash_price,cash_change,cash_annual,cash_sales,mortgage_price,mortgage_change,mortgage_annual,mortgage_sales,date,interest_rate,property_age,avg_price_log,cash_sales_log
Leeds,1995-02,641,monthly,45865,0.4,20.0,86406,-0.5,20.4,48234,0.8,19.5,36068,0.4,19.2,34744,0.5,23.4,66254,0.9,20.3,73,45099,0.3,19.9,568,1995-01-02,6.625,new,10.733479380823917,4.30406509320417
Leeds,1995-03,922,monthly,46542,1.5,20.3,87464,1.2,20.7,48907,1.4,19.8,36682,1.7,19.5,35171,1.2,23.7,67343,1.6,20.6,114,45754,1.5,20.2,808,1995-01-03,6.625,old,10.748131895457767,4.74493212836325
Leeds,1995-04,759,monthly,47240,1.5,20.6,88427,1.1,20.9,49670,1.6,20.1,37263,1.6,19.8,35758,1.7,24.1,68300,1.4,20.9,88,46445,1.5,20.5,671,1995-01-04,6.625,new,10.76301743858852,4.48863636973214
Leeds,1995-05,899,monthly,47339,0.2,20.7,88511,0.1,20.9,49724,0.1,20.1,37405,0.4,19.9,35784,0.1,24.1,68239,-0.1,20.9,135,46563,0.3,20.6,764,1995-01-05,6.625,new,10.765110883067974,4.912654885736052
Leeds,1995-06,992,monthly,47177,-0.3,20.6,88207,-0.3,20.8,49621,-0.2,20.1,37193,-0.6,19.8,35857,0.2,24.2,67923,-0.5,20.8,162,46411,-0.3,20.5,830,1995-01-06,6.625,new,10.761682961219572,5.093750200806762
Leeds,1995-07,853,monthly,47151,-0.1,20.6,88423,0.2,20.9,49617,0.0,20.1,37136,-0.2,19.7,35673,-0.5,24.1,67883,-0.1,20.8,82,46385,-0.1,20.5,771,1995-01-07,6.625,old,10.761131704977476,4.418840607796598
Leeds,1995-08,920,monthly,47179,0.1,20.6,89059,0.7,21.0,49625,0.0,20.1,37096,-0.1,19.7,35539,-0.4,24.0,67945,0.1,20.8,103,46411,0.1,20.5,817,1995-01-08,6.625,new,10.761725352961665,4.6443908991413725
Leeds,1995-09,889,monthly,46611,-1.2,20.4,88192,-1.0,20.8,48992,-1.3,19.8,36679,-1.1,19.5,34882,-1.8,23.5,66744,-1.8,20.4,105,45890,-1.1,20.3,784,1995-01-09,6.625,new,10.749613297693154,4.663439094112067
Leeds,1995-10,823,monthly,45801,-1.7,20.0,86807,-1.6,20.5,48242,-1.5,19.5,35920,-2.1,19.1,34395,-1.4,23.2,65982,-1.1,20.2,96,45054,-1.8,19.9,727,1995-01-10,6.625,new,10.732083037271122,4.574710978503383
Leeds,1995-11,886,monthly,45303,-1.1,19.8,85842,-1.1,20.3,47806,-0.9,19.3,35423,-1.4,18.8,34281,-0.3,23.1,65559,-0.6,20.0,125,44535,-1.2,19.7,761,1995-01-11,6.625,old,10.721150607793641,4.836281906951478
Leeds,1995-12,875,monthly,45093,-0.5,19.7,85428,-0.5,20.2,47665,-0.3,19.3,35187,-0.7,18.7,34213,-0.2,23.1,65980,0.6,20.2,129,44257,-0.6,19.6,746,1995-01-12,6.375,new,10.716504478946458,4.867534450455582
Leeds,1996-01,640,monthly,44726,-0.8,19.5,84957,-0.6,20.1,47262,-0.8,19.1,34899,-0.8,18.5,33787,-1.2,22.8,65922,-0.1,20.2,55,43851,-0.9,19.4,585,1996-01-01,6.125,new,10.708332625096508,4.02535169073515
Leeds,1996-02,714,monthly,44789,0.1,19.6,85010,0.1,20.1,47349,0.2,19.1,34981,0.2,18.6,33637,-0.4,22.7,66526,0.9,20.3,102,43863,0.0,19.4,612,1996-01-02,6.125,new,10.709740179201345,4.634728988229636
Leeds,1996-03,838,monthly,44632,-0.4,19.5,84967,0.0,20.1,47287,-0.1,19.1,34740,-0.7,18.5,33489,-0.4,22.6,66764,0.4,20.4,89,43666,-0.5,19.3,749,1996-01-03,5.9375,new,10.706228774723371,4.499809670330265
Leeds,1996-04,826,monthly,45044,0.9,19.7,85419,0.5,20.2,47685,0.8,19.3,35121,1.1,18.7,33960,1.4,22.9,67245,0.7,20.6,79,44080,0.9,19.5,747,1996-01-04,5.9375,old,10.71541726908554,4.382026634673881
Leeds,1996-05,1060,monthly,45240,0.4,19.8,85560,0.2,20.2,47830,0.3,19.3,35362,0.7,18.8,34124,0.5,23.0,66972,-0.4,20.5,123,44319,0.5,19.6,937,1996-01-05,5.9375,new,10.719759034318209,4.820281565605037
Leeds,1996-06,977,monthly,45849,1.3,20.0,86509,1.1,20.4,48352,1.1,19.5,35938,1.6,19.1,34744,1.8,23.4,67577,0.9,20.7,121,44939,1.4,19.9,856,1996-01-06,5.6875,old,10.733130477684611,4.804021044733257
Leeds,1996-07,1062,monthly,46515,1.5,20.3,88024,1.8,20.8,49074,1.5,19.8,36434,1.4,19.4,35059,0.9,23.7,68300,1.1,20.9,101,45613,1.5,20.2,961,1996-01-07,5.6875,old,10.747551618412935,4.624972813284271
Leeds,1996-08,1156,monthly,47685,2.5,20.8,90858,3.2,21.5,50308,2.5,20.3,37252,2.2,19.8,35850,2.3,24.2,70137,2.7,21.4,111,46751,2.5,20.7,1045,1996-01-08,5.6875,old,10.772393132748352,4.718498871295094
Leeds,1996-09,989,monthly,47721,0.1,20.8,91381,0.6,21.6,50298,0.0,20.3,37287,0.1,19.8,35579,-0.8,24.0,69810,-0.5,21.3,94,46818,0.1,20.7,895,1996-01-09,5.6875,new,10.773147786481971,4.553876891600541
Leeds,1996-10,1094,monthly,47656,-0.1,20.8,91406,0.0,21.6,50274,0.0,20.3,37190,-0.3,19.8,35452,-0.4,23.9,69717,-0.1,21.3,112,46753,-0.1,20.7,982,1996-01-10,5.9375,old,10.771784802805005,4.727387818712341
Leeds,1996-11,1192,monthly,47024,-1.3,20.5,89935,-1.6,21.2,49640,-1.3,20.1,36702,-1.3,19.5,35069,-1.1,23.7,68778,-1.3,21.0,143,46134,-1.3,20.4,1049,1996-01-11,5.9375,new,10.758434654169232,4.969813299576001
Leeds,1996-12,1141,monthly,47192,0.4,20.6,89936,0.0,21.2,49928,0.6,20.2,36808,0.3,19.6,35204,0.4,23.8,69005,0.3,21.1,182,46301,0.4,20.5,959,1996-01-12,5.9375,old,10.762000855490614,5.209486152841421
Leeds,1997-01,851,monthly,47154,-0.1,20.6,89821,-0.1,21.2,49861,-0.1,20.2,36810,0.0,19.6,35151,-0.1,23.7,68615,-0.6,21.0,72,46291,0.0,20.5,779,1997-01-01,5.9375,old,10.761195326977985,4.290459441148391
Leeds,1997-02,846,monthly,46577,-1.2,20.3,89048,-0.9,21.0,49251,-1.2,19.9,36305,-1.4,19.3,34688,-1.3,23.4,67931,-1.0,20.8,105,45714,-1.2,20.2,741,1997-01-02,5.9375,old,10.748883605633734,4.663439094112067
Leeds,1997-03,903,monthly,46419,-0.3,20.3,88953,-0.1,21.0,48999,-0.5,19.8,36203,-0.3,19.2,34609,-0.2,23.4,67997,0.1,20.8,104,45537,-0.4,20.1,799,1997-01-03,5.9375,old,10.745485679828429,4.653960350157523
Leeds,1997-04,895,monthly,46845,0.9,20.5,89538,0.7,21.2,49477,1.0,20.0,36565,1.0,19.4,34898,0.8,23.6,68921,1.4,21.1,106,45930,0.9,20.3,789,1997-01-04,5.9375,old,10.754620905152855,4.672828834461906
Leeds,1997-05,1168,monthly,47951,2.4,20.9,91389,2.1,21.6,50696,2.5,20.5,37488,2.5,19.9,35484,1.7,23.9,70183,1.8,21.5,135,47043,2.4,20.8,1033,1997-01-05,6.25,old,10.777955789556444,4.912654885736052
Leeds,1997-06,1363,monthly,48759,1.7,21.3,93082,1.9,22.0,51593,1.8,20.9,38105,1.6,20.3,35840,1.0,24.2,70883,1.0,21.7,181,47874,1.8,21.2,1182,1997-01-06,6.5,old,10.794665583595208,5.204006687076795
Leeds,1997-07,1438,monthly,49006,0.5,21.4,93827,0.8,22.2,51815,0.4,20.9,38321,0.6,20.4,35787,-0.1,24.2,70654,-0.3,21.6,108,48163,0.6,21.3,1330,1997-01-07,6.75,old,10.79971842403251,4.6913478822291435
Leeds,1997-08,1282,monthly,49001,0.0,21.4,94214,0.4,22.3,51791,0.0,20.9,38265,-0.1,20.3,35720,-0.2,24.1,70357,-0.4,21.5,123,48182,0.0,21.3,1159,1997-01-08,7.0,new,10.79961639258633,4.820281565605037
Leeds,1997-09,1230,monthly,48810,-0.4,21.3,94013,-0.2,22.2,51601,-0.4,20.9,38081,-0.5,20.2,35541,-0.5,24.0,70026,-0.5,21.4,106,47998,-0.4,21.2,1124,1997-01-09,7.0,new,10.795710976276323,4.672828834461906
Leeds,1997-10,1209,monthly,48089,-1.5,21.0,92766,-1.3,21.9,50905,-1.3,20.6,37419,-1.7,19.9,35109,-1.2,23.7,69114,-1.3,21.1,95,47279,-1.5,20.9,1114,1997-01-10,7.0,old,10.780829534271708,4.564348191467836
Leeds,1997-11,1009,monthly,48151,0.1,21.0,93003,0.3,22.0,51010,0.2,20.6,37414,0.0,19.9,35154,0.1,23.7,69381,0.4,21.2,105,47326,0.1,20.9,904,1997-01-11,7.25,old,10.782117953227607,4.663439094112067
Leeds,1997-12,1157,monthly,48302,0.3,21.1,93215,0.2,22.0,51272,0.5,20.7,37459,0.1,19.9,35303,0.4,23.8,69912,0.8,21.4,177,47449,0.3,21.0,980,1997-01-12,7.25,old,10.785248949513049,5.181783550292085
Leeds,1998-01,716,monthly,49020,1.5,21.4,94967,1.9,22.4,51962,1.3,21.0,38006,1.5,20.2,35796,1.4,24.2,71528,2.3,21.9,53,48109,1.4,21.3,663,1998-01-01,7.25,new,10.800004056710831,3.9889840465642745
Leeds,1998-02,771,monthly,48884,-0.3,21.4,94565,-0.4,22.3,51808,-0.3,20.9,37894,-0.3,20.1,35933,0.4,24.3,72005,0.7,22.0,67,47925,-0.4,21.2,704,1998-01-02,7.25,old,10.797225879939772,4.219507705176107
Leeds,1998-03,1032,monthly,49084,0.4,21.4,94939,0.4,22.4,51962,0.3,21.0,38109,0.6,20.3,36045,0.3,24.3,72511,0.7,22.2,99,48105,0.4,21.3,933,1998-01-03,7.25,new,10.801308768126622,4.605170185988092
Leeds,1998-04,1099,monthly,48714,-0.8,21.3,93798,-1.2,22.2,51677,-0.5,20.9,37827,-0.7,20.1,35774,-0.8,24.1,71784,-1.0,21.9,123,47754,-0.7,21.1,976,1998-01-04,7.25,new,10.793742269859441,4.820281565605037
Leeds,1998-05,1172,monthly,48772,0.1,21.3,93655,-0.2,22.1,51730,0.1,20.9,37967,0.4,20.2,35640,-0.4,24.1,71253,-0.7,21.8,111,47853,0.2,21.1,1061,1998-01-05,7.25,new,10.79493216003758,4.718498871295094
Leeds,1998-06,1253,monthly,48782,0.0,21.3,93684,0.0,22.1,51735,0.0,20.9,37938,-0.1,20.2,35845,0.6,24.2,71021,-0.3,21.7,166,47880,0.1,21.2,1087,1998-01-06,7.5,new,10.795137170493833,5.117993812416755
Leeds,1998-07,1489,monthly,50175,2.9,21.9,96485,3.0,22.8,53181,2.8,21.5,39030,2.9,20.7,36814,2.7,24.8,72911,2.7,22.3,112,49257,2.9,21.8,1377,1998-01-07,7.5,new,10.823292103710079,4.727387818712341
Leeds,1998-08,1239,monthly,51721,3.1,22.6,100020,3.7,23.6,54765,3.0,22.1,40173,2.9,21.4,37869,2.9,25.6,75379,3.4,23.0,97,50759,3.0,22.4,1142,1998-01-08,7.5,old,10.853638501898386,4.584967478670572
Leeds,1998-09,1101,monthly,52119,0.8,22.8,101080,1.1,23.9,55183,0.8,22.3,40472,0.7,21.5,37929,0.2,25.6,75706,0.4,23.1,71,51168,0.8,22.6,1030,1998-01-09,7.5,old,10.861304031238781,4.276666119016055
Leeds,1998-10,1137,monthly,51747,-0.7,22.6,100604,-0.5,23.8,54792,-0.7,22.2,40096,-0.9,21.3,37826,-0.3,25.5,75371,-0.4,23.0,84,50789,-0.7,22.4,1053,1998-01-10,7.25,old,10.854141063037792,4.442651256490317
Leeds,1998-11,1134,monthly,50240,-2.9,21.9,97766,-2.8,23.1,53292,-2.7,21.5,38794,-3.2,20.6,36918,-2.4,24.9,73457,-2.5,22.5,106,49289,-3.0,21.8,1028,1998-01-11,6.75,old,10.824586705402588,4.672828834461906
Leeds,1998-12,1151,monthly,50305,0.1,22.0,97629,-0.1,23.1,53431,0.3,21.6,38787,0.0,20.6,37257,0.9,25.1,74162,1.0,22.7,179,49311,0.0,21.8,972,1998-01-12,6.25,old,10.82587963326826,5.19295685089021
Leeds,1999-01,739,monthly,50269,-0.1,22.0,97590,0.0,23.1,53417,0.0,21.6,38735,-0.1,20.6,37229,-0.1,25.1,74568,0.5,22.8,58,49245,-0.1,21.8,681,1999-01-01,6.0,new,10.82516375668662,4.07753744390572
Leeds,1999-02,800,monthly,50687,0.8,22.1,98295,0.7,23.2,53855,0.8,21.8,39088,0.9,20.8,37513,0.8,25.3,75274,0.9,23.0,79,49649,0.8,21.9,721,1999-01-02,5.5,old,10.833444475174097,4.382026634673881
Leeds,1999-03,1145,monthly,50890,0.4,22.2,98854,0.6,23.4,54040,0.3,21.8,39226,0.4,20.8,37686,0.5,25.4,75614,0.5,23.1,116,49847,0.4,22.0,1029,1999-01-03,5.5,old,10.837441369615792,4.762173934797756
Leeds,1999-04,1223,monthly,51444,1.1,22.5,99443,0.6,23.5,54588,1.0,22.1,39777,1.4,21.1,38152,1.2,25.7,75850,0.3,23.2,128,50433,1.2,22.3,1095,1999-01-04,5.25,new,10.848268554809911,4.859812404361672
Leeds,1999-05,1329,monthly,52576,2.2,23.0,101258,1.8,23.9,55738,2.1,22.5,40753,2.5,21.7,39059,2.4,26.4,77350,2.0,23.7,144,51554,2.2,22.8,1185,1999-01-05,5.25,old,10.870034040741325,4.976733742420574
Leeds,1999-06,1501,monthly,53178,1.1,23.2,102385,1.1,24.2,56337,1.1,22.8,41273,1.3,21.9,39433,1.0,26.6,78078,0.9,23.9,201,52156,1.2,23.0,1300,1999-01-06,5.0,new,10.881418860558535,5.308267697401205
Leeds,1999-07,1657,monthly,53709,1.0,23.5,103913,1.5,24.6,56871,0.9,23.0,41619,0.8,22.1,39733,0.8,26.8,79002,1.2,24.2,123,52667,1.0,23.3,1534,1999-01-07,5.0,old,10.891354482899505,4.820281565605037
Leeds,1999-08,1431,monthly,54064,0.7,23.6,104988,1.0,24.8,57183,0.5,23.1,41883,0.6,22.3,39873,0.4,26.9,79229,0.3,24.2,96,53036,0.7,23.4,1335,1999-01-08,5.0,new,10.897942305379637,4.574710978503383
Leeds,1999-09,1390,monthly,54611,1.0,23.9,106452,1.4,25.1,57665,0.8,23.3,42292,1.0,22.5,40278,1.0,27.2,79777,0.7,24.4,148,53592,1.0,23.7,1242,1999-01-09,5.25,old,10.908008917804642,5.003946305945459
Leeds,1999-10,1514,monthly,54748,0.3,23.9,106766,0.3,25.2,57896,0.4,23.4,42264,-0.1,22.5,40641,0.9,27.4,79994,0.3,24.5,152,53724,0.2,23.7,1362,1999-01-10,5.25,old,10.91051438267176,5.030437921392435
Leeds,1999-11,1404,monthly,54681,-0.1,23.9,106611,-0.1,25.2,57878,0.0,23.4,42154,-0.3,22.4,40708,0.2,27.5,79862,-0.2,24.4,164,53662,-0.1,23.7,1240,1999-01-11,5.5,new,10.909289866613754,5.10594547390058
Leeds,1999-12,1423,monthly,54188,-0.9,23.7,105144,-1.4,24.8,57395,-0.8,23.2,41794,-0.9,22.2,40606,-0.3,27.4,79506,-0.4,24.3,210,53151,-1.0,23.5,1213,1999-01-12,5.5,new,10.900233214800668,5.351858133476067
Leeds,2000-01,903,monthly,53992,-0.4,23.6,104933,-0.2,24.8,57155,-0.4,23.1,41676,-0.3,22.2,40259,-0.9,27.2,79147,-0.5,24.2,62,52964,-0.4,23.4,841,2000-01-01,5.75,new,10.896609687514136,4.143134726391533
Leeds,2000-02,963,monthly,53845,-0.3,23.5,104809,-0.1,24.8,56981,-0.3,23.0,41520,-0.4,22.1,40207,-0.1,27.1,79427,0.4,24.3,93,52785,-0.3,23.3,870,2000-01-02,6.0,new,10.893883399417065,4.543294782270004
Leeds,2000-03,1301,monthly,54319,0.9,23.7,105998,1.1,25.0,57573,1.0,23.3,41810,0.7,22.2,40306,0.2,27.2,79983,0.7,24.5,148,53260,0.9,23.5,1153,2000-01-03,6.0,new,10.902647762232577,5.003946305945459
Leeds,2000-04,1207,monthly,55493,2.2,24.2,107897,1.8,25.5,58779,2.1,23.8,42729,2.2,22.7,41546,3.1,28.0,81771,2.2,25.0,114,54408,2.2,24.0,1093,2000-01-04,6.0,new,10.924030185782316,4.74493212836325
Leeds,2000-05,1277,monthly,57211,3.1,25.0,111061,2.9,26.2,60700,3.3,24.5,43995,3.0,23.4,42907,3.3,29.0,84008,2.7,25.7,119,56112,3.1,24.8,1158,2000-01-05,6.0,new,10.95451894557479,4.787491742782046
Leeds,2000-06,1596,monthly,58908,3.0,25.7,114149,2.8,27.0,62534,3.0,25.3,45262,2.9,24.1,44412,3.5,30.0,86212,2.6,26.4,196,57797,3.0,25.5,1400,2000-01-06,6.0,new,10.983749159324974,5.2832037287379885
Leeds,2000-07,1345,monthly,60151,2.1,26.3,117246,2.7,27.7,63932,2.2,25.8,46097,1.8,24.5,45055,1.4,30.4,87973,2.0,26.9,64,59020,2.1,26.1,1281,2000-01-07,6.0,old,11.004629971057863,4.174387269895637
Leeds,2000-08,1420,monthly,60946,1.3,26.6,119425,1.9,28.2,64804,1.4,26.2,46505,0.9,24.7,45889,1.9,31.0,89573,1.8,27.4,179,59769,1.3,26.4,1241,2000-01-08,6.0,old,11.017759913025358,5.19295685089021
Leeds,2000-09,1255,monthly,61351,0.7,26.8,121096,1.4,28.6,65132,0.5,26.3,46694,0.4,24.8,46265,0.8,31.2,90534,1.1,27.7,114,60141,0.6,26.6,1141,2000-01-09,6.0,new,11.024383049444696,4.74493212836325
Leeds,2000-10,1265,monthly,61251,-0.2,26.8,121099,0.0,28.6,65132,0.0,26.3,46462,-0.5,24.7,46376,0.2,31.3,90819,0.3,27.8,100,60013,-0.2,26.5,1165,2000-01-10,6.0,old,11.022751780935097,4.61512051684126
Leeds,2000-11,1150,monthly,61051,-0.3,26.7,120913,-0.2,28.6,64867,-0.4,26.2,46283,-0.4,24.6,46320,-0.1,31.3,90820,0.0,27.8,116,59797,-0.4,26.4,1034,2000-01-11,6.0,old,11.019481239035013,4.762173934797756
Leeds,2000-12,1164,monthly,61170,0.2,26.7,120772,-0.1,28.5,65079,0.3,26.3,46286,0.0,24.6,46834,1.1,31.6,91672,0.9,28.0,184,59866,0.1,26.4,980,2000-01-12,6.0,old,11.021428499985934,5.220355825078324
Leeds,2001-01,850,monthly,61422,0.4,26.8,121163,0.3,28.6,65194,0.2,26.4,46548,0.6,24.7,47258,0.9,31.9,92930,1.4,28.4,49,60053,0.3,26.5,801,2001-01-01,6.0,old,11.02553963682673,3.912023005428146
Leeds,2001-02,813,monthly,62188,1.2,27.2,122458,1.1,28.9,65994,1.2,26.7,47176,1.3,25.1,47837,1.2,32.3,94886,2.1,29.0,101,60753,1.2,26.8,712,2001-01-02,5.75,new,11.037933414213066,4.624972813284271
Leeds,2001-03,1267,monthly,62182,0.0,27.2,122635,0.1,29.0,65972,0.0,26.7,47194,0.0,25.1,47574,-0.5,32.1,95155,0.3,29.1,138,60725,0.0,26.8,1129,2001-01-03,5.75,old,11.037836929473661,4.9344739331306915
Leeds,2001-04,1211,monthly,63279,1.8,27.6,124626,1.6,29.4,67051,1.6,27.1,48094,1.9,25.6,48480,1.9,32.7,96648,1.6,29.6,115,61805,1.8,27.3,1096,2001-01-04,5.5,new,11.055324602441535,4.7535901911063645
Leeds,2001-05,1358,monthly,64148,1.4,28.0,125772,0.9,29.7,67941,1.3,27.5,48852,1.6,26.0,49191,1.5,33.2,96886,0.2,29.6,124,62707,1.5,27.7,1234,2001-01-05,5.25,old,11.068963781457745,4.8283137373023015
Leeds,2001-06,1492,monthly,66078,3.0,28.9,129127,2.7,30.5,69901,2.9,28.3,50381,3.1,26.8,50940,3.6,34.4,99825,3.0,30.5,143,64592,3.0,28.5,1349,2001-01-06,5.25,old,11.09860627490844,4.969813299576001
Leeds,2001-07,1489,monthly,67115,1.6,29.3,131322,1.7,31.0,71052,1.6,28.7,51149,1.5,27.2,51573,1.2,34.8,100836,1.0,30.8,76,65632,1.6,29.0,1413,2001-01-07,5.25,old,11.114177744609588,4.343805421853684
Leeds,2001-08,1661,monthly,68327,1.8,29.8,134341,2.3,31.7,72236,1.7,29.2,52026,1.7,27.7,52576,1.9,35.5,103211,2.4,31.6,84,66791,1.8,29.5,1577,2001-01-08,5.0,new,11.132074917625983,4.442651256490317
Leeds,2001-09,1358,monthly,68752,0.6,30.0,135960,1.2,32.1,72554,0.4,29.3,52322,0.6,27.8,52898,0.6,35.7,104200,1.0,31.9,93,67189,0.6,29.7,1265,2001-01-09,4.75,old,11.138275650940416,4.543294782270004
Leeds,2001-10,1428,monthly,68757,0.0,30.0,135955,0.0,32.1,72579,0.0,29.3,52257,-0.1,27.8,53156,0.5,35.9,105166,0.9,32.2,76,67149,-0.1,29.7,1352,2001-01-10,4.5,new,11.138348372395459,4.343805421853684
Leeds,2001-11,1579,monthly,68714,-0.1,30.0,135663,-0.2,32.1,72674,0.1,29.4,52118,-0.3,27.7,53317,0.3,36.0,105323,0.1,32.2,117,67096,-0.1,29.6,1462,2001-01-11,4.0,old,11.137722794988953,4.770684624465665
Leeds,2001-12,1291,monthly,69580,1.3,30.4,136580,0.7,32.3,73779,1.5,29.8,52652,1.0,28.0,54504,2.2,36.8,107131,1.7,32.8,168,67919,1.2,30.0,1123,2001-01-12,4.0,new,11.150246820548618,5.1298987149230735
Leeds,2002-01,1051,monthly,69961,0.5,30.6,137301,0.5,32.4,74185,0.5,30.0,52894,0.5,28.1,55019,0.9,37.1,107871,0.7,33.0,81,68283,0.5,30.2,970,2002-01-01,4.0,old,11.155707516488352,4.406719247264253
Leeds,2002-02,1155,monthly,70238,0.4,30.7,137683,0.3,32.5,74321,0.2,30.0,53204,0.6,28.3,55377,0.6,37.4,109435,1.4,33.5,67,68501,0.3,30.3,1088,2002-01-02,4.0,new,11.159658991305603,4.219507705176107
Leeds,2002-03,1509,monthly,70600,0.5,30.8,138435,0.5,32.7,74651,0.4,30.2,53565,0.7,28.5,55393,0.0,37.4,109880,0.4,33.6,179,68859,0.5,30.4,1330,2002-01-03,4.0,new,11.16479958768697,5.19295685089021
Leeds,2002-04,1392,monthly,72621,2.9,31.7,141734,2.4,33.5,76684,2.7,31.0,55201,3.1,29.3,57283,3.4,38.7,113133,3.0,34.6,82,70825,2.9,31.3,1310,2002-01-04,4.0,old,11.193023185211509,4.418840607796598
Leeds,2002-05,1814,monthly,74509,2.6,32.5,144841,2.2,34.2,78800,2.8,31.9,56618,2.6,30.1,58879,2.8,39.7,114966,1.6,35.2,128,72719,2.7,32.1,1686,2002-01-05,4.0,new,11.218688623547774,4.859812404361672
Leeds,2002-06,1493,monthly,77925,4.6,34.0,151086,4.3,35.7,82248,4.4,33.3,59327,4.8,31.5,61842,5.0,41.7,119968,4.4,36.7,192,76065,4.6,33.6,1301,2002-01-06,4.0,old,11.263514937405299,5.262690188904886
Leeds,2002-07,1807,monthly,80263,3.0,35.1,155834,3.1,36.8,84691,3.0,34.2,61175,3.1,32.5,63320,2.4,42.7,122346,2.0,37.4,86,78406,3.1,34.6,1721,2002-01-07,4.0,old,11.293076480605448,4.465908118654584
Leeds,2002-08,1761,monthly,82966,3.4,36.2,161159,3.4,38.1,87464,3.3,35.4,63285,3.4,33.6,65412,3.3,44.1,126108,3.1,38.6,105,81063,3.4,35.8,1656,2002-01-08,4.0,old,11.326198217357286,4.663439094112067
Leeds,2002-09,1443,monthly,83588,0.8,36.5,162695,1.0,38.4,88318,1.0,35.7,63660,0.6,33.8,65521,0.2,44.2,125849,-0.2,38.5,140,81729,0.8,36.1,1303,2002-01-09,4.0,old,11.333667211468155,4.948759890378168
Leeds,2002-10,1466,monthly,84446,1.0,36.9,164196,0.9,38.8,89475,1.3,36.2,64141,0.8,34.1,66322,1.2,44.8,127224,1.1,38.9,148,82563,1.0,36.5,1318,2002-01-10,4.0,old,11.343879397626269,5.003946305945459
Leeds,2002-11,1615,monthly,85965,1.8,37.6,167472,2.0,39.6,91105,1.8,36.8,65225,1.7,34.7,67548,1.8,45.6,129056,1.4,39.5,192,84071,1.8,37.1,1423,2002-01-11,4.0,old,11.36170714822748,5.262690188904886
Leeds,2002-12,1409,monthly,88074,2.5,38.5,170823,2.0,40.4,93454,2.6,37.8,66779,2.4,35.5,69593,3.0,47.0,132521,2.7,40.5,222,86119,2.4,38.0,1187,2002-01-12,4.0,old,11.385944003209438,5.407171771460119
Leeds,2003-01,1091,monthly,89599,1.7,39.1,173445,1.5,41.0,94817,1.5,38.3,68143,2.0,36.2,70869,1.8,47.8,133962,1.1,41.0,55,87652,1.8,38.7,1036,2003-01-01,4.0,old,11.403110598963021,4.02535169073515
Leeds,2003-02,1004,monthly,91571,2.2,40.0,176214,1.6,41.6,97014,2.3,39.2,69695,2.3,37.0,72573,2.4,49.0,137083,2.3,41.9,82,89572,2.2,39.6,922,2003-01-02,3.75,old,11.424880827077633,4.418840607796598
Leeds,2003-03,1248,monthly,92255,0.7,40.3,177644,0.8,42.0,97583,0.6,39.5,70341,0.9,37.4,72942,0.5,49.2,138137,0.8,42.2,149,90240,0.7,39.9,1099,2003-01-03,3.75,old,11.432322600438129,5.0106352940962555
Leeds,2003-04,1205,monthly,94919,2.9,41.5,182001,2.5,43.0,100670,3.2,40.7,72303,2.8,38.4,75074,2.9,50.7,142480,3.1,43.6,132,92828,2.9,41.0,1073,2003-01-04,3.75,old,11.4607897105497,4.890349128221754
Leeds,2003-05,1490,monthly,96700,1.9,42.2,185116,1.7,43.7,102613,1.9,41.5,73759,2.0,39.2,76075,1.3,51.3,144457,1.4,44.2,159,94604,1.9,41.8,1331,2003-01-05,3.75,new,11.47937902264955,5.075173815233827
Leeds,2003-06,1499,monthly,99677,3.1,43.5,189982,2.6,44.9,105751,3.1,42.8,76082,3.1,40.4,78837,3.6,53.2,149253,3.3,45.6,252,97500,3.1,43.1,1247,2003-01-06,3.75,new,11.509700269614534,5.53338948872752
Leeds,2003-07,1636,monthly,101781,2.1,44.5,193373,1.8,45.7,107959,2.1,43.6,77845,2.3,41.4,80302,1.9,54.2,152291,2.0,46.6,161,99564,2.1,44.0,1475,2003-01-07,3.0,old,11.530588550175738,5.087596335232384
Leeds,2003-08,1726,monthly,103372,1.6,45.2,195801,1.3,46.3,109597,1.5,44.3,79184,1.7,42.1,81576,1.6,55.1,154340,1.3,47.2,196,101136,1.6,44.7,1530,2003-01-08,3.0,old,11.546099085101352,5.2832037287379885
Leeds,2003-09,1597,monthly,105717,2.3,46.2,199968,2.1,47.2,112160,2.3,45.3,81167,2.5,43.1,82540,1.2,55.7,156134,1.2,47.7,213,103514,2.4,45.7,1384,2003-01-09,3.0,old,11.56853045064295,5.365976015021851
Leeds,2003-10,1690,monthly,105948,0.2,46.3,199975,0.0,47.2,112297,0.1,45.4,81476,0.4,43.3,82762,0.3,55.9,155926,-0.1,47.7,215,103767,0.2,45.8,1475,2003-01-10,3.0,old,11.570713125237557,5.375278407684165
Leeds,2003-11,1711,monthly,106472,0.5,46.5,200589,0.3,47.4,112858,0.5,45.6,81937,0.6,43.6,83165,0.5,56.1,156598,0.4,47.9,293,104286,0.5,46.1,1418,2003-01-11,3.75,old,11.575646710862943,5.683579767338681
Leeds,2003-12,1880,monthly,107129,0.6,46.8,200078,-0.3,47.3,113446,0.5,45.9,82681,0.9,43.9,84196,1.2,56.8,157743,0.7,48.2,438,104920,0.6,46.4,1442,2003-01-12,3.75,old,11.581798329256603,6.0844994130751715
Leeds,2004-01,1349,monthly,108184,1.0,47.3,201935,0.9,47.7,114461,0.9,46.3,83640,1.2,44.5,84768,0.7,57.2,159567,1.2,48.8,118,105940,1.0,46.8,1231,2004-01-01,3.75,old,11.59159800362153,4.77912349311153
Leeds,2004-02,1200,monthly,109659,1.4,47.9,203799,0.9,48.1,115828,1.2,46.8,84993,1.6,45.2,85937,1.4,58.0,162924,2.1,49.8,138,107307,1.3,47.4,1062,2004-01-02,4.0,old,11.605139948958039,4.9344739331306915
Leeds,2004-03,1573,monthly,110213,0.5,48.1,204877,0.5,48.4,116104,0.2,46.9,85547,0.7,45.5,86225,0.3,58.2,164816,1.2,50.4,207,107780,0.4,47.6,1366,2004-01-03,4.0,new,11.610179209374119,5.337538079701318
Leeds,2004-04,1745,monthly,113740,3.2,49.7,209128,2.1,49.4,119742,3.1,48.4,88757,3.8,47.2,88825,3.0,59.9,168870,2.5,51.6,148,111316,3.3,49.2,1597,2004-01-04,4.0,old,11.641679212803854,5.003946305945459
Leeds,2004-05,1625,monthly,117119,3.0,51.2,212991,1.8,50.3,123048,2.8,49.8,91931,3.6,48.9,91456,3.0,61.7,172903,2.4,52.9,166,114692,3.0,50.7,1459,2004-01-05,4.25,new,11.670954329195139,5.117993812416755
Leeds,2004-06,1782,monthly,121083,3.4,52.9,218365,2.5,51.6,127184,3.4,51.4,95335,3.7,50.7,94579,3.4,63.8,178584,3.3,54.6,181,118584,3.4,52.4,1601,2004-01-06,4.5,old,11.704239798599229,5.204006687076795
Leeds,2004-07,1986,monthly,124208,2.6,54.3,223631,2.4,52.8,130643,2.7,52.8,97938,2.7,52.1,96548,2.1,65.2,181959,1.9,55.6,188,121735,2.7,53.8,1798,2004-01-07,4.5,old,11.729720909624259,5.241747015059643
Leeds,2004-08,1445,monthly,127119,2.3,55.5,229583,2.7,54.2,133768,2.4,54.1,100300,2.4,53.3,98287,1.8,66.3,184750,1.5,56.5,111,124693,2.4,55.1,1334,2004-01-08,4.75,new,11.752886801210598,4.718498871295094
Leeds,2004-09,1391,monthly,129074,1.5,56.4,233935,1.9,55.3,135907,1.6,54.9,101957,1.7,54.2,99083,0.8,66.9,185849,0.6,56.8,150,126734,1.6,56.0,1241,2004-01-09,4.75,old,11.76814890974785,5.017279836814924
Leeds,2004-10,1326,monthly,129825,0.6,56.7,235266,0.6,55.6,136332,0.3,55.1,102519,0.6,54.5,100319,1.2,67.7,188612,1.5,57.7,118,127350,0.5,56.3,1208,2004-01-10,4.75,new,11.773950371359534,4.77912349311153
Leeds,2004-11,1120,monthly,130792,0.7,57.1,236389,0.5,55.8,137162,0.6,55.5,103339,0.8,54.9,101465,1.1,68.5,191248,1.4,58.5,160,128211,0.7,56.6,960,2004-01-11,4.75,old,11.781371199753588,5.081404364984463
Leeds,2004-12,1242,monthly,130945,0.1,57.2,235254,-0.5,55.6,137036,-0.1,55.4,103630,0.3,55.1,102171,0.7,69.0,193202,1.0,59.1,230,128238,0.0,56.7,1012,2004-01-12,4.75,old,11.782540303459392,5.442417710521793
Leeds,2005-01,764,monthly,131265,0.2,57.3,235609,0.2,55.7,137034,0.0,55.4,104004,0.4,55.3,102757,0.6,69.3,195654,1.3,59.8,83,128412,0.1,56.7,681,2005-01-01,4.75,new,11.784981077785993,4.430816798843313
Leeds,2005-02,831,monthly,131836,0.4,57.6,236440,0.4,55.9,137665,0.5,55.7,104376,0.4,55.5,103414,0.6,69.8,198667,1.5,60.7,136,128819,0.3,56.9,695,2005-01-02,4.75,old,11.789321590030035,4.919980925828125
Leeds,2005-03,964,monthly,133255,1.1,58.2,239002,1.1,56.5,139251,1.2,56.3,105439,1.0,56.0,104473,1.0,70.5,202032,1.7,61.8,110,130119,1.0,57.5,854,2005-01-03,4.75,new,11.800027369156943,4.709530201312334
Leeds,2005-04,1113,monthly,133800,0.4,58.5,238502,-0.2,56.3,140066,0.6,56.6,105997,0.5,56.3,104714,0.2,70.7,203713,0.8,62.3,133,130589,0.4,57.7,980,2005-01-04,4.75,old,11.80410890048989,4.897839799950911
Leeds,2005-05,1205,monthly,133221,-0.4,58.2,236866,-0.7,56.0,139286,-0.6,56.3,105787,-0.2,56.2,104138,-0.6,70.3,202579,-0.6,61.9,117,130042,-0.4,57.5,1088,2005-01-05,4.75,new,11.799772188615327,4.770684624465665
Leeds,2005-06,1376,monthly,133371,0.1,58.3,235573,-0.5,55.7,139262,0.0,56.3,106292,0.5,56.5,104151,0.0,70.3,202305,-0.1,61.9,175,130225,0.1,57.5,1201,2005-01-06,4.75,new,11.800897495380138,5.170483995038151
Leeds,2005-07,1484,monthly,135356,1.5,59.1,239252,1.6,56.5,141431,1.6,57.2,107987,1.6,57.4,105210,1.0,71.0,203698,0.7,62.3,162,132280,1.6,58.4,1322,2005-01-07,4.75,old,11.815671011473878,5.093750200806762
Leeds,2005-08,1428,monthly,137579,1.6,60.1,243277,1.7,57.5,143667,1.6,58.1,109959,1.8,58.4,106552,1.3,71.9,206304,1.3,63.1,141,134506,1.7,59.4,1287,2005-01-08,4.5,old,11.831960845080005,4.955827057601261
Leeds,2005-09,1349,monthly,138994,1.0,60.7,246695,1.4,58.3,145109,1.0,58.7,111173,1.1,59.1,107175,0.6,72.3,207665,0.7,63.5,164,135945,1.1,60.1,1185,2005-01-09,4.5,new,11.842193240242826,5.10594547390058
Leeds,2005-10,1369,monthly,139246,0.2,60.8,246940,0.1,58.3,145011,-0.1,58.6,111523,0.3,59.3,107649,0.4,72.6,208693,0.5,63.8,218,136143,0.1,60.2,1151,2005-01-10,4.5,old,11.844004613571817,5.389071729816501
Leeds,2005-11,1256,monthly,138916,-0.2,60.7,245736,-0.5,58.1,144725,-0.2,58.5,111291,-0.2,59.2,107443,-0.2,72.5,208706,0.0,63.8,92,135784,-0.3,60.0,1164,2005-01-11,4.5,old,11.841631911462148,4.532599493153256
Leeds,2005-12,1353,monthly,138264,-0.5,60.4,243203,-1.0,57.5,143799,-0.6,58.1,110870,-0.4,58.9,107589,0.1,72.6,209089,0.2,63.9,212,135048,-0.5,59.7,1141,2005-01-12,4.5,old,11.836927412594822,5.3612921657094255
Leeds,2006-01,1263,monthly,139075,0.6,60.8,244712,0.6,57.8,144501,0.5,58.4,111694,0.7,59.4,107992,0.4,72.9,210132,0.5,64.3,218,135854,0.6,60.0,1045,2006-01-01,4.5,new,11.842775825282555,5.389071729816501
Leeds,2006-02,1101,monthly,139488,0.3,60.9,244676,0.0,57.8,144635,0.1,58.5,112138,0.4,59.6,108688,0.6,73.3,211786,0.8,64.8,161,136161,0.2,60.2,940,2006-01-02,4.5,new,11.845741024087898,5.087596335232384
Leeds,2006-03,1533,monthly,140948,1.0,61.6,248048,1.4,58.6,146404,1.2,59.2,113300,1.0,60.2,109160,0.4,73.7,213357,0.7,65.2,225,137628,1.1,60.8,1308,2006-01-03,4.5,new,11.856153401802652,5.420534999272286
Leeds,2006-04,1408,monthly,141332,0.3,61.7,247587,-0.2,58.5,146918,0.4,59.4,113733,0.4,60.5,109421,0.2,73.8,214201,0.4,65.5,131,137979,0.3,61.0,1277,2006-01-04,4.5,new,11.858874087052637,4.882801922586371
Leeds,2006-05,1634,monthly,142946,1.1,62.4,250519,1.2,59.2,148819,1.3,60.2,115048,1.2,61.1,110308,0.8,74.4,215529,0.6,65.9,231,139653,1.2,61.7,1403,2006-01-05,4.5,new,11.870229211171374,5.44673737166631
Leeds,2006-06,1896,monthly,143080,0.1,62.5,249947,-0.2,59.1,148940,0.1,60.2,115356,0.3,61.3,110321,0.0,74.5,214961,-0.3,65.7,328,139853,0.1,61.8,1568,2006-01-06,4.5,new,11.871166182445538,5.796057750765372
Leeds,2006-07,1781,monthly,144750,1.2,63.2,253213,1.3,59.8,150606,1.1,60.9,117009,1.4,62.2,111038,0.7,74.9,215655,0.3,65.9,184,141648,1.3,62.6,1597,2006-01-07,4.5,new,11.882770303874246,5.220355825078324
Leeds,2006-08,1686,monthly,146470,1.2,64.0,256628,1.3,60.6,152411,1.2,61.6,118725,1.5,63.1,111621,0.5,75.3,215828,0.1,66.0,150,143548,1.3,63.4,1536,2006-01-08,4.75,new,11.894582735625702,5.017279836814924
Leeds,2006-09,1695,monthly,147675,0.8,64.5,259676,1.2,61.3,153691,0.8,62.1,119755,0.9,63.7,112122,0.4,75.7,216554,0.3,66.2,169,144824,0.9,64.0,1526,2006-01-09,4.75,new,11.902775963779392,5.135798437050262
Leeds,2006-10,1615,monthly,147898,0.2,64.6,260432,0.3,61.5,153945,0.2,62.2,119752,0.0,63.6,112480,0.3,75.9,216986,0.2,66.3,125,145032,0.1,64.1,1490,2006-01-10,4.75,old,11.904284887350814,4.836281906951478
Leeds,2006-11,1737,monthly,147479,-0.3,64.4,259735,-0.3,61.4,153604,-0.2,62.1,119384,-0.3,63.5,112079,-0.4,75.6,216231,-0.3,66.1,223,144634,-0.3,63.9,1514,2006-01-11,5.0,new,11.901447852348081,5.4116460518550396
Leeds,2006-12,1742,monthly,149874,1.6,65.5,262778,1.2,62.1,155957,1.5,63.1,121540,1.8,64.6,114050,1.8,77.0,219837,1.7,67.2,274,146974,1.6,64.9,1468,2006-01-12,5.0,old,11.917556892329815,5.616771097666572
Leeds,2007-01,1244,monthly,149863,0.0,65.5,262710,0.0,62.1,155943,0.0,63.1,121685,0.1,64.7,113782,-0.2,76.8,219545,-0.1,67.1,140,146989,0.0,64.9,1104,2007-01-01,5.25,old,11.917483495140894,4.948759890378168
Leeds,2007-02,1192,monthly,151125,0.8,66.0,264715,0.8,62.5,157032,0.7,63.5,122627,0.8,65.2,115170,1.2,77.7,222244,1.2,68.0,116,148150,0.8,65.5,1076,2007-01-02,5.25,old,11.925869204934076,4.762173934797756
Leeds,2007-03,1508,monthly,150339,-0.5,65.7,264102,-0.2,62.4,156275,-0.5,63.2,122057,-0.5,64.9,114183,-0.9,77.1,220047,-1.0,67.3,163,147474,-0.5,65.2,1345,2007-01-03,5.25,new,11.920654674731459,5.099866427824199
Leeds,2007-04,1376,monthly,151861,1.0,66.3,266011,0.7,62.8,157790,1.0,63.8,123590,1.3,65.7,115219,0.9,77.8,221168,0.5,67.6,138,149067,1.1,65.9,1238,2007-01-04,5.25,new,11.930727492705524,4.9344739331306915
Leeds,2007-05,1451,monthly,152857,0.7,66.8,266682,0.3,63.0,158738,0.6,64.2,124721,0.9,66.3,115938,0.6,78.2,222793,0.7,68.1,128,150029,0.6,66.3,1323,2007-01-05,5.5,new,11.937264664843688,4.859812404361672
Leeds,2007-06,1917,monthly,153967,0.7,67.3,268261,0.6,63.4,159797,0.7,64.6,125792,0.9,66.9,116759,0.7,78.8,224217,0.6,68.6,307,151136,0.7,66.8,1610,2007-01-06,5.5,new,11.944500067596183,5.730099782973574
Leeds,2007-07,1832,monthly,155813,1.2,68.1,272268,1.5,64.3,161705,1.2,65.4,127252,1.2,67.6,117998,1.1,79.6,227429,1.4,69.5,216,152900,1.2,67.6,1616,2007-01-07,5.75,old,11.95641826717505,5.37989735354046
Leeds,2007-08,1814,monthly,156640,0.5,68.4,275218,1.1,65.0,162721,0.6,65.8,128133,0.7,68.1,117684,-0.3,79.4,225953,-0.6,69.1,186,153956,0.7,68.0,1628,2007-01-08,5.75,new,11.961711841809333,5.231108616854587
Leeds,2007-09,1278,monthly,157612,0.6,68.9,277800,0.9,65.6,163764,0.6,66.2,128835,0.5,68.5,118248,0.5,79.8,226904,0.4,69.4,109,154954,0.6,68.5,1169,2007-01-09,5.75,new,11.96789794031367,4.700480365792417
Leeds,2007-10,1476,monthly,156768,-0.5,68.5,276880,-0.3,65.4,162700,-0.7,65.8,128049,-0.6,68.1,117803,-0.4,79.5,225361,-0.7,68.9,203,154154,-0.5,68.1,1273,2007-01-10,5.75,new,11.962528663270783,5.318119993844216
Leeds,2007-11,1356,monthly,157145,0.2,68.6,277916,0.4,65.7,163101,0.2,65.9,128015,0.0,68.0,118453,0.6,79.9,226857,0.7,69.4,140,154436,0.2,68.2,1216,2007-01-11,5.75,new,11.964930588513289,4.948759890378168
Leeds,2007-12,1126,monthly,156816,-0.2,68.5,276977,-0.3,65.4,162625,-0.3,65.8,127709,-0.2,67.9,118526,0.1,80.0,227355,0.2,69.5,182,154023,-0.3,68.1,944,2007-01-12,5.5,new,11.962834799388945,5.209486152841421
Leeds,2008-01,797,monthly,157611,0.5,68.9,278830,0.7,65.9,163451,0.5,66.1,128277,0.4,68.2,119105,0.5,80.4,228969,0.7,70.0,78,154762,0.5,68.4,719,2008-01-01,5.5,old,11.96789159563923,4.3694478524670215
Leeds,2008-02,828,monthly,155977,-1.0,68.1,276002,-1.0,65.2,161655,-1.1,65.4,126937,-1.0,67.5,117979,-0.9,79.6,229089,0.1,70.1,54,152869,-1.2,67.5,774,2008-01-02,5.25,new,11.957470250645597,4.007333185232471
Leeds,2008-03,691,monthly,154541,-0.9,67.5,274283,-0.6,64.8,160452,-0.7,64.9,125666,-1.0,66.8,116456,-1.3,78.6,227852,-0.5,69.7,81,151350,-1.0,66.9,610,2008-01-03,5.25,old,11.948221183037067,4.406719247264253
Leeds,2008-04,824,monthly,153134,-0.9,66.9,272302,-0.7,64.3,159024,-0.9,64.3,124663,-0.8,66.3,115034,-1.2,77.6,226593,-0.6,69.3,108,149867,-1.0,66.2,716,2008-01-04,5.0,new,11.939075164271225,4.6913478822291435
Leeds,2008-05,871,monthly,153054,-0.1,66.9,271785,-0.2,64.2,159052,0.0,64.3,124752,0.1,66.3,114723,-0.3,77.4,225433,-0.5,68.9,119,149921,0.0,66.2,752,2008-01-05,5.0,old,11.938552612902335,4.787491742782046
Leeds,2008-06,881,monthly,152512,-0.4,66.6,270472,-0.5,63.9,158406,-0.4,64.0,124416,-0.3,66.1,114347,-0.3,77.2,224235,-0.5,68.6,218,149442,-0.3,66.0,663,2008-01-06,5.0,new,11.935005117298017,5.389071729816501
Leeds,2008-07,762,monthly,150172,-1.5,65.6,266011,-1.6,62.8,156228,-1.4,63.2,122314,-1.7,65.0,112653,-1.5,76.0,219909,-1.9,67.2,134,147263,-1.5,65.1,628,2008-01-07,5.0,new,11.919543241833775,4.90527477843843
Leeds,2008-08,641,monthly,147437,-1.8,64.4,261814,-1.6,61.9,153392,-1.8,62.0,120061,-1.8,63.8,110469,-1.9,74.6,214208,-2.6,65.5,96,144802,-1.7,64.0,545,2008-01-08,5.0,old,11.901163027411767,4.574710978503383
Leeds,2008-09,574,monthly,144615,-1.9,63.2,258939,-1.1,61.2,150297,-2.0,60.8,117557,-2.1,62.5,108308,-2.0,73.1,209249,-2.3,64.0,100,142143,-1.8,62.8,474,2008-01-09,5.0,old,11.881837232654691,4.61512051684126
Leeds,2008-10,661,monthly,141511,-2.1,61.8,253893,-1.9,60.0,147008,-2.2,59.4,114913,-2.2,61.1,106100,-2.0,71.6,204504,-2.3,62.5,114,139125,-2.1,61.5,547,2008-01-10,4.5,old,11.860139798123344,4.74493212836325
Leeds,2008-11,514,monthly,137970,-2.5,60.3,248029,-2.3,58.6,143442,-2.4,58.0,111796,-2.7,59.4,103539,-2.4,69.9,200587,-1.9,61.3,110,135486,-2.6,59.9,404,2008-01-11,3.0,new,11.834798797128267,4.709530201312334
Leeds,2008-12,547,monthly,133992,-2.9,58.5,239620,-3.4,56.6,139541,-2.7,56.4,108746,-2.7,57.8,100350,-3.1,67.7,194337,-3.1,59.4,162,131641,-2.8,58.2,385,2008-01-12,2.0,old,11.805542838762584,5.093750200806762
Leeds,2009-01,388,monthly,131365,-2.0,57.4,235618,-1.7,55.7,136714,-2.0,55.3,106437,-2.1,56.6,98570,-1.8,66.5,191346,-1.5,58.5,45,128954,-2.0,57.0,343,2009-01-01,1.5,new,11.78574259964801,3.828641396489095
Leeds,2009-02,375,monthly,129229,-1.6,56.5,231626,-1.7,54.7,134421,-1.7,54.3,104585,-1.7,55.6,97296,-1.3,65.7,188838,-1.3,57.7,52,126784,-1.7,56.0,323,2009-01-02,1.0,new,11.769349041519238,3.970291913552122
Leeds,2009-03,484,monthly,127184,-1.6,55.6,228079,-1.5,53.9,132119,-1.7,53.4,102567,-1.9,54.5,96558,-0.8,65.2,187977,-0.5,57.5,80,124515,-1.8,55.0,404,2009-01-03,0.5,old,11.753397998406212,4.394449154672439
Leeds,2009-04,594,monthly,127044,-0.1,55.5,226379,-0.7,53.5,132120,0.0,53.4,102568,0.0,54.5,96564,0.0,65.2,188253,0.1,57.6,121,124323,-0.2,54.9,473,2009-01-04,0.5,old,11.752296633389088,4.804021044733257
Leeds,2009-05,640,monthly,127431,0.3,55.7,226371,0.0,53.5,132569,0.3,53.6,103121,0.5,54.8,96656,0.1,65.2,188179,0.0,57.5,101,124775,0.4,55.1,539,2009-01-05,0.5,new,11.755338167974474,4.624972813284271
Leeds,2009-06,740,monthly,130309,2.3,56.9,231363,2.2,54.7,135816,2.4,54.9,105737,2.5,56.2,98023,1.4,66.2,190394,1.2,58.2,159,127824,2.4,56.5,581,2009-01-06,0.5,new,11.777671506138951,5.075173815233827
Leeds,2009-07,786,monthly,132500,1.7,57.9,235794,1.9,55.7,138322,1.8,55.9,107710,1.9,57.2,98815,0.8,66.7,191865,0.8,58.7,77,130169,1.8,57.5,709,2009-01-07,0.5,old,11.794345471549745,4.356708826689592
Leeds,2009-08,792,monthly,135563,2.3,59.2,242373,2.8,57.3,141668,2.4,57.3,110315,2.4,58.6,100283,1.5,67.7,194529,1.4,59.5,93,133384,2.5,58.9,699,2009-01-08,0.5,old,11.81719913251493,4.543294782270004
Leeds,2009-09,802,monthly,137133,1.2,59.9,245824,1.4,58.1,143420,1.2,58.0,111540,1.1,59.3,101122,0.8,68.2,196452,1.0,60.1,107,134967,1.2,59.6,695,2009-01-09,0.5,old,11.828713828969779,4.68213122712422
Leeds,2009-10,818,monthly,138137,0.7,60.3,248082,0.9,58.6,144665,0.9,58.5,112354,0.7,59.7,101410,0.3,68.4,196984,0.3,60.2,128,136060,0.8,60.1,690,2009-01-10,0.5,new,11.836008464472425,4.859812404361672
Leeds,2009-11,742,monthly,138426,0.2,60.5,248868,0.3,58.8,144990,0.2,58.6,112702,0.3,59.9,101317,-0.1,68.4,197105,0.1,60.3,111,136379,0.2,60.3,631,2009-01-11,0.5,new,11.838098389843973,4.718498871295094
Leeds,2009-12,957,monthly,139799,1.0,61.1,250020,0.5,59.1,146599,1.1,59.3,114265,1.4,60.7,101846,0.5,68.7,198007,0.5,60.5,122,137856,1.1,60.9,835,2009-01-12,0.5,new,11.847968108781847,4.812184355372417
Leeds,2010-01,428,monthly,139556,-0.2,61.0,251001,0.4,59.3,146657,0.0,59.3,114041,-0.2,60.6,100758,-1.1,68.0,194873,-1.6,59.6,37,137952,0.1,60.9,391,2010-01-01,0.5,new,11.846228398938969,3.6375861597263857
Leeds,2010-02,564,monthly,139757,0.1,61.1,251908,0.4,59.5,147327,0.5,59.6,114076,0.0,60.6,100310,-0.4,67.7,195024,0.1,59.6,55,138229,0.2,61.1,509,2010-01-02,0.5,new,11.847667634459409,4.02535169073515
Leeds,2010-03,599,monthly,137768,-1.4,60.2,250732,-0.5,59.2,145232,-1.4,58.7,111938,-1.9,59.5,98991,-1.3,66.8,193028,-1.0,59.0,55,136252,-1.4,60.2,544,2010-01-03,0.5,new,11.833333648538034,4.02535169073515
Leeds,2010-04,626,monthly,138367,0.4,60.4,250889,0.1,59.3,145828,0.4,59.0,112464,0.5,59.8,99845,0.9,67.4,195662,1.4,59.8,67,136675,0.3,60.4,559,2010-01-04,0.5,old,11.837672081558825,4.219507705176107
Leeds,2010-05,758,monthly,138604,0.2,60.5,251286,0.2,59.4,145928,0.1,59.0,112674,0.2,59.9,100251,0.4,67.7,195330,-0.2,59.7,192,136970,0.2,60.5,566,2010-01-05,0.5,new,11.839383440123326,5.262690188904886
Leeds,2010-06,809,monthly,139833,0.9,61.1,253048,0.7,59.8,147371,1.0,59.6,113944,1.1,60.6,100586,0.3,67.9,195610,0.1,59.8,135,138318,1.0,61.1,674,2010-01-06,0.5,new,11.848211283790377,4.912654885736052
Leeds,2010-07,806,monthly,140867,0.7,61.5,256228,1.3,60.5,148490,0.8,60.0,114786,0.7,61.0,100678,0.1,67.9,195443,-0.1,59.8,75,139494,0.9,61.6,731,2010-01-07,0.5,new,11.855578560666522,4.330733340286331
Leeds,2010-08,788,monthly,142555,1.2,62.3,260131,1.5,61.5,150634,1.4,60.9,115909,1.0,61.6,101346,0.7,68.4,197263,0.9,60.3,90,141214,1.2,62.4,698,2010-01-08,0.5,old,11.8674901839496,4.51085950651685
Leeds,2010-09,713,monthly,142807,0.2,62.4,261988,0.7,61.9,150849,0.1,61.0,115913,0.0,61.6,101340,0.0,68.4,198119,0.4,60.6,87,141417,0.1,62.5,626,2010-01-09,0.5,new,11.869256349727388,4.477336814478207
Leeds,2010-10,721,monthly,141573,-0.9,61.8,259681,-0.9,61.4,149528,-0.9,60.5,114759,-1.0,61.0,100798,-0.5,68.0,198615,0.3,60.7,51,139987,-1.0,61.8,670,2010-01-10,0.5,new,11.860577827563098,3.9512437185814275
Leeds,2010-11,603,monthly,138603,-2.1,60.5,254761,-1.9,60.2,146162,-2.3,59.1,112284,-2.2,59.7,98960,-1.8,66.8,195280,-1.7,59.7,57,136973,-2.2,60.5,546,2010-01-11,0.5,old,11.839376225350357,4.060443010546419
Leeds,2010-12,629,monthly,137311,-0.9,60.0,252009,-1.1,59.5,144954,-0.8,58.6,111056,-1.1,59.0,98290,-0.7,66.3,194918,-0.2,59.6,78,135563,-1.0,59.9,551,2010-01-12,0.5,new,11.830010987791251,4.3694478524670215
Leeds,2011-01,454,monthly,137254,0.0,60.0,253004,0.4,59.8,144753,-0.1,58.5,110793,-0.2,58.9,98397,0.1,66.4,195946,0.5,59.9,34,135405,-0.1,59.8,420,2011-01-01,0.5,new,11.82959578858072,3.5553480614894135
Leeds,2011-02,462,monthly,137964,0.5,60.3,255095,0.8,60.3,145218,0.3,58.7,111348,0.5,59.2,99086,0.7,66.9,198407,1.3,60.7,47,135972,0.4,60.1,415,2011-01-02,0.5,new,11.834755308783135,3.871201010907891
Leeds,2011-03,495,monthly,136854,-0.8,59.8,254621,-0.2,60.2,143861,-0.9,58.2,110274,-1.0,58.6,98248,-0.8,66.3,197580,-0.4,60.4,75,134820,-0.8,59.6,420,2011-01-03,0.5,new,11.826677250155061,4.330733340286331
Leeds,2011-04,662,monthly,136088,-0.6,59.5,252670,-0.8,59.7,142993,-0.6,57.8,109803,-0.4,58.4,97767,-0.5,66.0,196703,-0.4,60.1,62,134047,-0.6,59.2,600,2011-01-04,0.5,new,11.821064362448888,4.143134726391533
Leeds,2011-05,626,monthly,135900,-0.1,59.4,250821,-0.7,59.3,142946,0.0,57.8,109622,-0.2,58.3,98124,0.4,66.2,197598,0.5,60.4,62,133773,-0.2,59.1,564,2011-01-05,0.5,old,11.819681958463892,4.143134726391533
Leeds,2011-06,654,monthly,137498,1.2,60.1,251572,0.3,59.4,144807,1.3,58.5,111181,1.4,59.1,99415,1.3,67.1,199085,0.8,60.9,97,135410,1.2,59.8,557,2011-01-06,0.5,old,11.831371923335045,4.584967478670572
Leeds,2011-07,764,monthly,137002,-0.4,59.9,250014,-0.6,59.1,144318,-0.3,58.4,110773,-0.4,58.9,99321,-0.1,67.0,198631,-0.2,60.7,50,134902,-0.4,59.6,714,2011-01-07,0.5,old,11.827758102380727,3.9318256327243257
Leeds,2011-08,796,monthly,136805,-0.1,59.8,250461,0.2,59.2,144371,0.0,58.4,110679,-0.1,58.8,98137,-1.2,66.2,196359,-1.1,60.0,61,134861,0.0,59.6,735,2011-01-08,0.5,new,11.826319142857903,4.127134385045092
Leeds,2011-09,770,monthly,136455,-0.3,59.6,251259,0.3,59.4,143950,-0.3,58.2,110382,-0.3,58.7,97326,-0.8,65.7,194933,-0.7,59.6,69,134589,-0.2,59.5,701,2011-01-09,0.5,new,11.82375749732071,4.248495242049359
Leeds,2011-10,701,monthly,136308,-0.1,59.5,251918,0.3,59.5,144073,0.1,58.3,110083,-0.3,58.5,96603,-0.7,65.2,194041,-0.5,59.3,77,134497,-0.1,59.4,624,2011-01-10,0.5,new,11.822679646319067,4.356708826689592
Leeds,2011-11,755,monthly,134641,-1.2,58.8,248947,-1.2,58.8,142212,-1.3,57.5,108548,-1.4,57.7,95951,-0.7,64.8,192919,-0.6,59.0,104,132754,-1.3,58.7,651,2011-01-11,0.5,old,11.810374683180981,4.653960350157523
Leeds,2011-12,683,monthly,134680,0.0,58.8,247871,-0.4,58.6,142441,0.2,57.6,108518,0.0,57.7,96289,0.4,65.0,194052,0.6,59.3,101,132709,0.0,58.6,582,2011-01-12,0.5,new,11.81066429825487,4.624972813284271
Leeds,2012-01,580,monthly,134497,-0.1,58.8,246570,-0.5,58.3,142336,-0.1,57.5,108584,0.1,57.7,96007,-0.3,64.8,193783,-0.1,59.3,52,132529,-0.1,58.6,528,2012-01-01,0.5,new,11.809304608024997,3.970291913552122
Leeds,2012-02,488,monthly,134378,-0.1,58.7,246211,-0.1,58.2,142286,0.0,57.5,108745,0.1,57.8,95304,-0.7,64.3,192873,-0.5,59.0,47,132470,0.0,58.5,441,2012-01-02,0.5,old,11.808419444862883,3.871201010907891
Leeds,2012-03,797,monthly,133822,-0.4,58.5,244530,-0.7,57.8,141624,-0.5,57.3,108618,-0.1,57.7,94794,-0.5,64.0,192284,-0.3,58.8,125,131901,-0.4,58.3,672,2012-01-03,0.5,new,11.804273310259191,4.836281906951478
Leeds,2012-04,532,monthly,134201,0.3,58.6,245423,0.4,58.0,141885,0.2,57.4,108846,0.2,57.9,95423,0.7,64.4,192968,0.4,59.0,48,132263,0.3,58.4,484,2012-01-04,0.5,old,11.807101406538326,3.8918202981106265
Leeds,2012-05,639,monthly,135045,0.6,59.0,246363,0.4,58.2,142705,0.6,57.7,109579,0.7,58.2,96402,1.0,65.1,194367,0.7,59.4,70,133080,0.6,58.8,569,2012-01-05,0.5,old,11.813370740122364,4.2626798770413155
Leeds,2012-06,757,monthly,135310,0.2,59.1,246943,0.2,58.3,142868,0.1,57.8,109948,0.3,58.4,96466,0.1,65.1,193861,-0.3,59.3,92,133415,0.3,58.9,665,2012-01-06,0.5,old,11.815331111667156,4.532599493153256
Leeds,2012-07,725,monthly,135042,-0.2,59.0,246250,-0.3,58.2,142531,-0.2,57.6,109995,0.0,58.5,95946,-0.5,64.8,191735,-1.1,58.6,54,133298,-0.1,58.9,671,2012-01-07,0.5,new,11.81334852522283,4.007333185232471
Leeds,2012-08,771,monthly,135678,0.5,59.3,247359,0.5,58.4,143245,0.5,57.9,110763,0.7,58.9,95814,-0.1,64.7,191185,-0.3,58.5,82,134048,0.6,59.2,689,2012-01-08,0.5,new,11.81804708071555,4.418840607796598
Leeds,2012-09,643,monthly,136380,0.5,59.6,249545,0.9,59.0,143982,0.5,58.2,111202,0.4,59.1,96112,0.3,64.9,191601,0.2,58.6,71,134791,0.6,59.6,572,2012-01-09,0.5,new,11.8232077185012,4.276666119016055
Leeds,2012-10,693,monthly,135011,-1.0,59.0,246875,-1.1,58.3,142599,-1.0,57.7,109999,-1.1,58.5,95283,-0.9,64.3,191785,0.1,58.6,62,133260,-1.1,58.9,631,2012-01-10,0.5,new,11.813118942359072,4.143134726391533
Leeds,2012-11,766,monthly,134303,-0.5,58.7,245833,-0.4,58.1,141811,-0.6,57.3,109302,-0.6,58.1,94981,-0.3,64.1,192881,0.6,59.0,88,132385,-0.7,58.5,678,2012-01-11,0.5,new,11.807861166133318,4.48863636973214
Leeds,2012-12,696,monthly,132874,-1.1,58.0,243288,-1.0,57.5,140395,-1.0,56.8,108035,-1.2,57.4,93954,-1.1,63.4,192867,0.0,59.0,98,130807,-1.2,57.8,598,2012-01-12,0.5,new,11.797164115644248,4.59511985013459
Leeds,2013-01,525,monthly,134011,0.9,58.5,245849,1.1,58.1,141811,1.0,57.3,108871,0.8,57.9,94232,0.3,63.6,192998,0.1,59.0,32,132053,1.0,58.3,493,2013-01-01,0.5,new,11.805684627162291,3.4965075614664802
Leeds,2013-02,566,monthly,134885,0.7,58.9,247706,0.8,58.5,142721,0.6,57.7,109547,0.6,58.2,94786,0.6,64.0,193163,0.1,59.1,56,133002,0.7,58.8,510,2013-01-02,0.5,old,11.812185256232064,4.04305126783455
Leeds,2013-03,731,monthly,133867,-0.8,58.5,246505,-0.5,58.2,141605,-0.8,57.3,108499,-1.0,57.7,94222,-0.6,63.6,191514,-0.9,58.6,97,132004,-0.7,58.3,634,2013-01-03,0.5,new,11.804609518801307,4.584967478670572
Leeds,2013-04,651,monthly,134021,0.1,58.5,246712,0.1,58.3,141482,-0.1,57.2,108738,0.2,57.8,94715,0.5,63.9,193401,1.0,59.1,64,132009,0.0,58.3,587,2013-01-04,0.5,old,11.805759244561612,4.174387269895637
Leeds,2013-05,823,monthly,132332,-1.3,57.8,243320,-1.4,57.5,139697,-1.3,56.5,107337,-1.3,57.1,93752,-1.0,63.3,191676,-0.9,58.6,91,130282,-1.3,57.6,732,2013-01-05,0.5,new,11.793076752106357,4.5217885770490405
Leeds,2013-06,978,monthly,133578,0.9,58.4,244516,0.5,57.8,141070,1.0,57.0,108694,1.3,57.8,94395,0.7,63.7,192440,0.4,58.8,197,131600,1.0,58.1,781,2013-01-06,0.5,new,11.802448342100984,5.288267030694535
Leeds,2013-07,930,monthly,134482,0.7,58.7,245837,0.5,58.1,142013,0.7,57.4,109570,0.8,58.2,94950,0.6,64.1,192458,0.0,58.8,75,132605,0.8,58.6,855,2013-01-07,0.5,new,11.809193075983584,4.330733340286331
Leeds,2013-08,1063,monthly,135253,0.6,59.1,247089,0.5,58.4,142878,0.6,57.8,110306,0.7,58.6,95248,0.3,64.3,192893,0.2,59.0,115,133424,0.6,58.9,948,2013-01-08,0.5,old,11.814909771132768,4.7535901911063645
Leeds,2013-09,860,monthly,136960,1.3,59.8,251394,1.7,59.4,144631,1.2,58.5,111465,1.1,59.2,96376,1.2,65.0,195894,1.6,59.9,86,135057,1.2,59.7,774,2013-01-09,0.5,old,11.827451492750782,4.465908118654584
Leeds,2013-10,1072,monthly,136314,-0.5,59.5,251160,-0.1,59.3,144065,-0.4,58.2,110586,-0.8,58.8,95903,-0.5,64.7,196292,0.2,60.0,102,134304,-0.6,59.3,970,2013-01-10,0.5,old,11.822723662986718,4.634728988229636
Leeds,2013-11,1118,monthly,137778,1.1,60.2,254211,1.2,60.1,145715,1.1,58.9,111568,0.9,59.3,96963,1.1,65.4,199187,1.5,60.9,107,135676,1.0,59.9,1011,2013-01-11,0.5,old,11.833406231173395,4.68213122712422
Leeds,2013-12,1028,monthly,138396,0.4,60.5,254118,0.0,60.0,146581,0.6,59.3,112092,0.5,59.6,97609,0.7,65.9,200905,0.9,61.4,160,136214,0.4,60.2,868,2013-01-12,0.5,new,11.837881645630194,5.081404364984463
Leeds,2014-01,945,monthly,139525,0.8,61.0,255675,0.6,60.4,147784,0.8,59.8,113179,1.0,60.2,98313,0.7,66.3,202189,0.6,61.8,59,137356,0.8,60.7,886,2014-01-01,0.5,old,11.846006242805291,4.0943445622221
Leeds,2014-02,863,monthly,139444,-0.1,60.9,255664,0.0,60.4,147661,-0.1,59.7,113204,0.0,60.2,98072,-0.2,66.2,202970,0.4,62.1,50,137215,-0.1,60.6,813,2014-01-02,0.5,new,11.84542553726761,3.9318256327243257
Leeds,2014-03,955,monthly,138277,-0.8,60.4,253519,-0.8,59.9,146447,-0.8,59.2,112266,-0.8,59.7,97146,-0.9,65.6,200982,-1.0,61.5,85,136105,-0.8,60.1,870,2014-01-03,0.5,new,11.837021430523386,4.454347296253507
Leeds,2014-04,970,monthly,139474,0.9,60.9,255228,0.7,60.3,147643,0.8,59.7,113440,1.0,60.3,97943,0.8,66.1,203457,1.2,62.2,86,137234,0.8,60.6,884,2014-01-04,0.5,old,11.84564065271373,4.465908118654584
Leeds,2014-05,1078,monthly,141466,1.4,61.8,258031,1.1,61.0,149720,1.4,60.5,115230,1.6,61.2,99450,1.5,67.1,206555,1.5,63.2,92,139180,1.4,61.5,986,2014-01-05,0.5,old,11.859821753318752,4.532599493153256
Leeds,2014-06,1155,monthly,143398,1.4,62.6,261431,1.3,61.8,151816,1.4,61.4,116894,1.4,62.1,100606,1.2,67.9,209002,1.2,63.9,193,141107,1.4,62.3,962,2014-01-06,0.5,old,11.873386233622645,5.267858159063328
Leeds,2014-07,1157,monthly,144649,0.9,63.2,263549,0.8,62.3,153250,0.9,62.0,117982,0.9,62.7,101244,0.6,68.3,209720,0.3,64.1,70,142413,0.9,62.9,1087,2014-01-07,0.5,old,11.882072310404281,4.2626798770413155
Leeds,2014-08,1138,monthly,145497,0.6,63.6,265452,0.7,62.7,154278,0.7,62.4,118660,0.6,63.1,101483,0.2,68.5,209021,-0.3,63.9,57,143380,0.7,63.3,1081,2014-01-08,0.5,old,11.887917619794743,4.060443010546419
Leeds,2014-09,1078,monthly,146948,1.0,64.2,268320,1.1,63.4,155753,1.0,63.0,119919,1.1,63.7,102349,0.9,69.1,209905,0.4,64.2,85,144892,1.1,64.0,993,2014-01-09,0.5,old,11.897840866788183,4.454347296253507
Leeds,2014-10,1237,monthly,147341,0.3,64.4,269341,0.4,63.6,156270,0.3,63.2,120059,0.1,63.8,102665,0.3,69.3,210488,0.3,64.4,130,145278,0.3,64.2,1107,2014-01-10,0.5,old,11.9005116941911,4.875197323201151
Leeds,2014-11,993,monthly,146663,-0.5,64.1,268382,-0.4,63.4,155626,-0.4,62.9,119298,-0.6,63.4,102341,-0.3,69.1,209355,-0.5,64.0,80,144621,-0.5,63.9,913,2014-01-11,0.5,old,11.895899535242862,4.394449154672439
Leeds,2014-12,974,monthly,146514,-0.1,64.0,268433,0.0,63.4,155464,-0.1,62.9,118980,-0.3,63.2,102475,0.1,69.2,210578,0.6,64.4,145,144375,-0.2,63.8,829,2014-01-12,0.5,new,11.894883091276354,4.983606621708336
Leeds,2015-01,760,monthly,146125,-0.3,63.8,267726,-0.3,63.3,155043,-0.3,62.7,118599,-0.3,63.0,102341,-0.1,69.1,211284,0.3,64.6,57,143906,-0.3,63.6,703,2015-01-01,0.5,old,11.892224542206899,4.060443010546419
Leeds,2015-02,837,monthly,145986,-0.1,63.8,267351,-0.1,63.2,154661,-0.2,62.5,118576,0.0,63.0,102509,0.2,69.2,213394,1.0,65.3,78,143618,-0.2,63.5,759,2015-01-02,0.5,old,11.89127285563019,4.3694478524670215
Leeds,2015-03,898,monthly,145228,-0.5,63.4,266368,-0.4,62.9,153961,-0.5,62.2,117714,-0.7,62.6,102108,-0.4,68.9,213305,0.0,65.2,133,142813,-0.6,63.1,765,2015-01-03,0.5,new,11.886067085948453,4.897839799950911
Leeds,2015-04,879,monthly,145900,0.5,63.7,267969,0.6,63.3,154620,0.4,62.5,118324,0.5,62.9,102383,0.3,69.1,214269,0.5,65.5,96,143474,0.5,63.4,783,2015-01-04,0.5,old,11.890683588496984,4.574710978503383
Leeds,2015-05,1001,monthly,147908,1.4,64.6,271354,1.3,64.1,156960,1.5,63.5,119863,1.3,63.7,103749,1.3,70.0,216307,1.0,66.1,127,145497,1.4,64.3,874,2015-01-05,0.5,new,11.904352498774465,4.852030263919617
Leeds,2015-06,1183,monthly,149566,1.1,65.3,273762,0.9,64.7,158815,1.2,64.2,121597,1.4,64.6,104281,0.5,70.4,216107,-0.1,66.1,181,147268,1.2,65.1,1002,2015-01-06,0.5,new,11.915499731954057,5.204006687076795
Leeds,2015-07,1222,monthly,151518,1.3,66.2,276659,1.1,65.4,161066,1.4,65.1,123178,1.3,65.5,105655,1.3,71.3,217860,0.8,66.6,79,149247,1.3,65.9,1143,2015-01-07,0.5,old,11.92846630860932,4.382026634673881
Leeds,2015-08,1101,monthly,153033,1.0,66.9,279577,1.1,66.1,162702,1.0,65.8,124558,1.1,66.2,106324,0.6,71.8,218813,0.4,66.9,75,150806,1.0,66.6,1026,2015-01-08,0.5,new,11.938415397909093,4.330733340286331
Leeds,2015-09,1062,monthly,154661,1.1,67.6,283838,1.5,67.1,164322,1.0,66.4,125629,0.9,66.8,107574,1.2,72.6,221657,1.3,67.8,96,152382,1.0,67.3,966,2015-01-09,0.5,new,11.948997369671293,4.574710978503383
Leeds,2015-10,1270,monthly,155642,0.6,68.0,286530,0.9,67.7,165466,0.7,66.9,126339,0.6,67.2,107887,0.3,72.8,222881,0.6,68.2,98,153358,0.6,67.8,1172,2015-01-10,0.5,new,11.955320202163303,4.59511985013459
Leeds,2015-11,1086,monthly,155349,-0.2,67.9,286484,0.0,67.7,165265,-0.1,66.8,125921,-0.3,66.9,107641,-0.2,72.6,222784,0.0,68.1,88,153052,-0.2,67.6,998,2015-01-11,0.5,new,11.953435914821194,4.48863636973214
Leeds,2015-12,1043,monthly,157722,1.5,68.9,290663,1.5,68.7,167932,1.6,67.9,127865,1.5,68.0,109102,1.4,73.6,228098,2.4,69.7,103,155287,1.5,68.6,940,2015-01-12,0.5,old,11.968595608860628,4.6443908991413725
Leeds,2016-01,828,monthly,157100,-0.4,68.6,289107,-0.5,68.3,167488,-0.3,67.7,127230,-0.5,67.6,108746,-0.3,73.4,227817,-0.1,69.7,59,154642,-0.4,68.3,769,2016-01-01,0.5,new,11.964644189595829,4.0943445622221
Leeds,2016-02,932,monthly,157225,0.1,68.7,289349,0.1,68.4,167636,0.1,67.8,127430,0.2,67.7,108616,-0.1,73.3,227604,-0.1,69.6,66,154786,0.1,68.4,866,2016-01-02,0.5,old,11.965439539703132,4.204692619390966
Leeds,2016-03,1574,monthly,154251,-1.9,67.4,283944,-1.9,67.1,164400,-1.9,66.5,124954,-1.9,66.4,106761,-1.7,72.0,219953,-3.4,67.3,125,152039,-1.8,67.2,1449,2016-01-03,0.5,new,11.94634290764792,4.836281906951478
Leeds,2016-04,725,monthly,155817,1.0,68.1,286705,1.0,67.7,165754,0.8,67.0,126435,1.2,67.2,107991,1.2,72.9,224494,2.1,68.6,66,153461,0.9,67.8,659,2016-01-04,0.5,new,11.956443938479667,4.204692619390966
Leeds,2016-05,926,monthly,158884,2.0,69.4,291273,1.6,68.8,168733,1.8,68.2,129025,2.0,68.6,110830,2.6,74.8,233703,4.1,71.5,86,156230,1.8,69.0,840,2016-01-05,0.5,new,11.975935949075865,4.465908118654584
Leeds,2016-06,1105,monthly,161794,1.8,70.7,295870,1.6,69.9,171700,1.8,69.4,131598,2.0,69.9,112969,1.9,76.2,241314,3.3,73.8,172,158913,1.7,70.2,933,2016-01-06,0.5,new,11.994085380780463,5.153291594497779
Leeds,2016-07,1189,monthly,164305,1.6,71.8,300209,1.5,70.9,174273,1.5,70.5,133716,1.6,71.1,114831,1.6,77.5,243400,0.9,74.4,81,161465,1.6,71.3,1108,2016-01-07,0.5,old,12.009485821922176,4.406719247264253
Leeds,2016-08,1248,monthly,165088,0.5,72.1,302203,0.7,71.4,175148,0.5,70.8,134281,0.4,71.4,115206,0.3,77.7,241137,-0.9,73.7,77,162413,0.6,71.8,1171,2016-01-08,0.25,old,12.014240001401491,4.356708826689592
Leeds,2016-09,1110,monthly,166423,0.8,72.7,304904,0.9,72.0,176736,0.9,71.5,135118,0.6,71.8,116228,0.9,78.4,242933,0.7,74.3,87,163734,0.8,72.3,1023,2016-01-09,0.25,new,12.02229402773822,4.477336814478207
Leeds,2016-10,990,monthly,165017,-0.8,72.1,303502,-0.5,71.7,175412,-0.7,70.9,133446,-1.2,70.9,115500,-0.6,77.9,241997,-0.4,74.0,61,162293,-0.9,71.7,929,2016-01-10,0.25,new,12.013809837841828,4.127134385045092
Leeds,2016-11,1037,monthly,164170,-0.5,71.7,303441,0.0,71.7,174630,-0.4,70.6,132263,-0.9,70.3,115044,-0.4,77.6,242479,0.2,74.1,107,161369,-0.6,71.3,930,2016-01-11,0.25,old,12.00866384651689,4.68213122712422
Leeds,2016-12,1127,monthly,164405,0.1,71.8,304448,0.3,71.9,174692,0.0,70.6,132332,0.1,70.3,115505,0.4,78.0,244136,0.7,74.7,148,161532,0.1,71.4,979,2016-01-12,0.25,new,12.010094257288605,5.003946305945459
Leeds,2017-01,904,monthly,164366,0.0,71.8,304722,0.1,72.0,174458,-0.1,70.5,132318,0.0,70.3,115606,0.1,78.0,246055,0.8,75.2,105,161392,-0.1,71.3,799,2017-01-01,0.25,new,12.009857011528261,4.663439094112067
Leeds,2017-02,936,monthly,164929,0.3,72.1,305181,0.2,72.1,174696,0.1,70.6,132939,0.5,70.7,116444,0.7,78.6,247953,0.8,75.8,77,161880,0.3,71.5,859,2017-01-02,0.25,new,12.013276420442198,4.356708826689592
Leeds,2017-03,1041,monthly,164419,-0.3,71.8,304445,-0.2,71.9,174134,-0.3,70.4,132374,-0.4,70.4,116291,-0.1,78.5,248310,0.1,75.9,72,161315,-0.3,71.3,969,2017-01-03,0.25,old,12.010179408706124,4.290459441148391
Leeds,2017-04,902,monthly,165280,0.5,72.2,305697,0.4,72.2,174885,0.4,70.7,133112,0.6,70.8,117176,0.8,79.1,248188,0.0,75.9,70,162214,0.6,71.7,832,2017-01-04,0.25,old,12.015402334673981,4.2626798770413155
Leeds,2017-05,1015,monthly,166591,0.8,72.8,307152,0.5,72.6,176557,1.0,71.4,134062,0.7,71.3,118241,0.9,79.8,249755,0.6,76.4,67,163516,0.8,72.2,948,2017-01-05,0.25,old,12.023302988354237,4.219507705176107
Leeds,2017-06,1311,monthly,168360,1.1,73.5,309101,0.6,73.0,178371,1.0,72.1,135705,1.2,72.1,119694,1.2,80.8,250665,0.4,76.6,250,165319,1.1,73.0,1061,2017-01-06,0.25,new,12.03386576251999,5.5254529391317835
Leeds,2017-07,1078,monthly,170970,1.6,74.7,312983,1.3,73.9,181317,1.7,73.3,137858,1.6,73.3,121547,1.5,82.0,254165,1.4,77.7,50,167897,1.6,74.2,1028,2017-01-07,0.25,new,12.049249230459402,3.9318256327243257
Leeds,2017-08,1155,monthly,171572,0.4,75.0,314384,0.4,74.3,181844,0.3,73.5,138584,0.5,73.7,121613,0.1,82.1,253586,-0.2,77.5,73,168545,0.4,74.5,1082,2017-01-08,0.25,old,12.052764110999002,4.30406509320417
Leeds,2017-09,1106,monthly,172239,0.4,75.2,316651,0.7,74.8,182624,0.4,73.8,139070,0.4,73.9,121683,0.1,82.1,254881,0.5,77.9,81,169188,0.4,74.7,1025,2017-01-09,0.25,old,12.056644132038244,4.406719247264253
Leeds,2017-10,1120,monthly,171459,-0.5,74.9,316150,-0.2,74.7,182001,-0.3,73.6,138288,-0.6,73.5,120760,-0.8,81.5,254125,-0.3,77.7,76,168406,-0.5,74.4,1044,2017-01-10,0.25,old,12.052105282232747,4.343805421853684
Leeds,2017-11,1110,monthly,171741,0.2,75.0,317091,0.3,74.9,182651,0.4,73.8,138262,0.0,73.5,120739,0.0,81.5,254451,0.1,77.8,80,168687,0.2,74.5,1030,2017-01-11,0.5,old,12.053748629669323,4.394449154672439
Leeds,2017-12,1104,monthly,173365,0.9,75.7,319687,0.8,75.5,184731,1.1,74.7,139585,1.0,74.2,121509,0.6,82.0,256643,0.9,78.5,137,170291,1.0,75.2,967,2017-01-12,0.5,new,12.063160245671318,4.927253685157205
Leeds,2018-01,839,monthly,174272,0.5,76.1,321287,0.5,75.9,185799,0.6,75.1,140217,0.5,74.5,122197,0.6,82.5,259265,1.0,79.3,56,171133,0.5,75.6,783,2018-01-01,0.5,old,12.068378314173414,4.04305126783455
Leeds,2018-02,921,monthly,174111,-0.1,76.1,321756,0.1,76.0,185486,-0.2,75.0,140150,0.0,74.5,121934,-0.2,82.3,264673,2.1,80.9,136,170685,-0.3,75.4,785,2018-01-02,0.5,new,12.067454049285653,4.919980925828125
Leeds,2018-03,925,monthly,173013,-0.6,75.6,320112,-0.5,75.6,184332,-0.6,74.5,139331,-0.6,74.1,120982,-0.8,81.6,264922,0.1,81.0,93,169538,-0.7,74.9,832,2018-01-03,0.5,old,12.061127795061168,4.543294782270004
Leeds,2018-04,906,monthly,173445,0.2,75.8,320860,0.2,75.8,184889,0.3,74.8,140092,0.5,74.5,120574,-0.3,81.4,265698,0.3,81.2,61,169953,0.2,75.1,845,2018-01-04,0.5,new,12.063621590730998,4.127134385045092
Leeds,2018-05,1022,monthly,175048,0.9,76.5,323413,0.8,76.4,186917,1.1,75.6,141570,1.1,75.2,121147,0.5,81.8,263626,-0.8,80.6,119,171808,1.1,75.9,903,2018-01-05,0.5,old,12.072821213712967,4.787491742782046
Leeds,2018-06,1229,monthly,176137,0.6,76.9,325410,0.6,76.9,188344,0.8,76.2,142310,0.5,75.6,121756,0.5,82.2,263936,0.1,80.7,188,172961,0.7,76.4,1041,2018-01-06,0.5,old,12.079023057690694,5.241747015059643
Leeds,2018-07,1071,monthly,178008,1.1,77.8,329478,1.3,77.8,190329,1.1,77.0,143703,1.0,76.4,123024,1.0,83.0,265443,0.6,81.2,75,174881,1.1,77.3,996,2018-01-07,0.5,old,12.08958938979377,4.330733340286331
Leeds,2018-08,1252,monthly,179455,0.8,78.4,332266,0.8,78.5,191814,0.8,77.6,144870,0.8,77.0,124067,0.8,83.7,268126,1.0,82.0,83,176269,0.8,77.9,1169,2018-01-08,0.75,old,12.097685331514153,4.430816798843313
Leeds,2018-09,966,monthly,179683,0.1,78.5,333195,0.3,78.7,191906,0.0,77.6,145177,0.2,77.2,124067,0.0,83.7,268254,0.0,82.0,93,176507,0.1,78.0,873,2018-01-09,0.75,new,12.098955031523234,4.543294782270004
Leeds,2018-10,1168,monthly,178506,-0.7,78.0,331184,-0.6,78.2,190698,-0.6,77.1,144126,-0.7,76.6,123273,-0.6,83.2,267899,-0.1,81.9,58,175262,-0.7,77.4,1110,2018-01-10,0.75,old,12.09238309511919,4.07753744390572
Leeds,2018-11,1152,monthly,177415,-0.6,77.5,330064,-0.3,78.0,189794,-0.5,76.7,143128,-0.7,76.1,122021,-1.0,82.3,264165,-1.4,80.8,104,174326,-0.5,77.0,1048,2018-01-11,0.75,new,12.086252536447866,4.653960350157523
Leeds,2018-12,957,monthly,177668,0.1,77.6,330181,0.0,78.0,190294,0.3,76.9,143225,0.1,76.1,122175,0.1,82.5,265359,0.5,81.1,160,174523,0.1,77.1,797,2018-01-12,0.75,new,12.087677547601887,5.081404364984463
Leeds,2019-01,833,monthly,177975,0.2,77.7,331388,0.4,78.3,190806,0.3,77.1,143225,0.0,76.1,122275,0.1,82.5,264784,-0.2,81.0,75,174890,0.2,77.3,758,2019-01-01,0.75,new,12.08940398872297,4.330733340286331
Leeds,2019-02,976,monthly,178017,0.0,77.8,331571,0.1,78.3,190779,0.0,77.1,143094,-0.1,76.1,122592,0.3,82.7,270004,2.0,82.6,76,174628,-0.1,77.2,900,2019-01-02,0.75,new,12.089639947757082,4.343805421853684
Leeds,2019-03,994,monthly,178876,0.5,78.1,333625,0.6,78.8,191921,0.6,77.6,143685,0.4,76.4,122843,0.2,82.9,272128,0.8,83.2,150,175426,0.5,77.5,844,2019-01-03,0.75,old,12.094453697788559,5.017279836814924
Leeds,2019-04,885,monthly,177519,-0.8,77.5,330080,-1.1,78.0,190463,-0.8,77.0,142974,-0.5,76.0,121702,-0.9,82.1,271013,-0.4,82.9,86,174043,-0.8,76.9,799,2019-01-04,0.75,new,12.086838557606475,4.465908118654584
Leeds,2019-05,1000,monthly,179060,0.9,78.2,332061,0.6,78.5,192254,0.9,77.7,144533,1.1,76.8,122400,0.6,82.6,269958,-0.4,82.5,100,175739,1.0,77.6,900,2019-01-05,0.75,new,12.095481808892758,4.61512051684126
Leeds,2019-06,1012,monthly,178330,-0.4,77.9,330042,-0.6,78.0,191404,-0.4,77.4,144102,-0.3,76.6,122006,-0.3,82.3,266430,-1.3,81.5,156,175156,-0.3,77.4,856,2019-01-06,0.75,new,12.091396653012287,5.056245805348308
Leeds,2019-07,1118,monthly,181534,1.8,79.3,335808,1.7,79.3,194728,1.7,78.7,146748,1.8,78.0,124345,1.9,83.9,272195,2.2,83.2,71,178251,1.8,78.8,1047,2019-01-07,0.75,old,12.109203751561854,4.276666119016055
Leeds,2019-08,1168,monthly,182578,0.6,79.8,337926,0.6,79.8,195777,0.5,79.2,147771,0.7,78.5,124810,0.4,84.2,273438,0.5,83.6,87,179293,0.6,79.2,1081,2019-01-08,0.75,old,12.114938235052916,4.477336814478207
Leeds,2019-09,969,monthly,184683,1.2,80.7,342141,1.2,80.8,197677,1.0,79.9,149703,1.3,79.6,126285,1.2,85.2,278669,1.9,85.2,98,181245,1.1,80.1,871,2019-01-09,0.75,old,12.126401535472358,4.59511985013459
Leeds,2019-10,1072,monthly,184700,0.0,80.7,342292,0.0,80.9,198260,0.3,80.2,149532,-0.1,79.5,125721,-0.4,84.8,277175,-0.5,84.8,92,181345,0.1,80.1,980,2019-01-10,0.75,old,12.12649358035784,4.532599493153256
Leeds,2019-11,1111,monthly,184325,-0.2,80.5,342014,-0.1,80.8,198245,0.0,80.2,148923,-0.4,79.2,125220,-0.4,84.5,273761,-1.2,83.7,81,181137,-0.1,80.0,1030,2019-01-11,0.75,new,12.12446120804319,4.406719247264253
Leeds,2019-12,1015,monthly,185001,0.4,80.8,343296,0.4,81.1,199429,0.6,80.6,149493,0.4,79.5,124966,-0.2,84.3,270959,-1.0,82.9,185,182013,0.5,80.4,830,2019-01-12,0.75,new,12.128121914812835,5.225746673713202
Leeds,2020-01,916,monthly,184947,0.0,80.8,343635,0.1,81.2,199319,-0.1,80.6,149502,0.0,79.5,124750,-0.2,84.2,272909,0.7,83.4,69,181851,-0.1,80.3,847,2020-01-01,0.75,old,12.12782998346869,4.248495242049359
Leeds,2020-02,746,monthly,184198,-0.4,80.5,342165,-0.4,80.8,198419,-0.5,80.2,149133,-0.2,79.3,124056,-0.6,83.7,274005,0.4,83.8,70,181052,-0.4,80.0,676,2020-01-02,0.75,new,12.123771973906956,4.2626798770413155
Leeds,2020-03,776,monthly,182392,-1.0,79.7,339218,-0.9,80.1,196497,-1.0,79.4,147513,-1.1,78.4,122907,-0.9,82.9,275166,0.4,84.1,85,179093,-1.1,79.1,691,2020-01-03,0.25,new,12.113918978692963,4.454347296253507
Leeds,2020-04,327,monthly,180154,-1.2,78.7,336176,-0.9,79.4,194052,-1.2,78.5,146002,-1.0,77.6,120567,-1.9,81.4,271968,-1.2,83.2,43,176883,-1.2,78.1,284,2020-01-04,0.1,new,12.10157287043999,3.784189633918261
Leeds,2020-05,482,monthly,180718,0.3,78.9,337882,0.5,79.8,194826,0.4,78.8,146086,0.1,77.6,121024,0.4,81.7,276606,1.7,84.6,23,177167,0.2,78.3,459,2020-01-05,0.1,old,12.104698617704708,3.1780538303479458
Leeds,2020-06,758,monthly,183398,1.5,80.1,342148,1.3,80.8,197874,1.6,80.0,148481,1.6,78.9,122496,1.2,82.7,277452,0.3,84.8,67,180031,1.6,79.5,691,2020-01-06,0.1,old,12.119419386226932,4.219507705176107
Leeds,2020-07,772,monthly,187892,2.5,82.1,348997,2.0,82.5,202713,2.4,82.0,152041,2.4,80.8,126209,3.0,85.2,281934,1.6,86.2,66,184605,2.5,81.6,706,2020-01-07,0.1,new,12.14362793084918,4.204692619390966
Leeds,2020-08,838,monthly,191172,1.7,83.5,355097,1.7,83.9,206409,1.8,83.5,154895,1.9,82.3,127854,1.3,86.3,284595,0.9,87.0,91,187987,1.8,83.1,747,2020-01-08,0.1,old,12.160934056238768,4.5217885770490405
Leeds,2020-09,899,monthly,192814,0.9,84.2,359607,1.3,85.0,208096,0.8,84.1,156092,0.8,83.0,128742,0.7,86.9,288704,1.4,88.3,70,189480,0.8,83.7,829,2020-01-09,0.1,old,12.16948645896213,4.2626798770413155
Leeds,2020-10,1135,monthly,194638,0.9,85.0,364090,1.2,86.0,210074,1.0,84.9,157681,1.0,83.8,129363,0.5,87.3,288747,0.0,88.3,91,191467,1.0,84.6,1044,2020-01-10,0.1,old,12.178901839754111,4.5217885770490405
Leeds,2020-11,1164,monthly,197864,1.7,86.4,370115,1.7,87.4,213199,1.5,86.2,160602,1.9,85.4,131590,1.7,88.8,289648,0.3,88.6,79,194925,1.8,86.1,1085,2020-01-11,0.1,old,12.19534025895113,4.382026634673881
Leeds,2020-12,1111,monthly,199787,1.0,87.3,373407,0.9,88.2,215117,0.9,87.0,162558,1.2,86.4,132611,0.8,89.5,290155,0.2,88.7,88,196988,1.1,87.0,1023,2020-01-12,0.1,old,12.205012083332852,4.48863636973214
Leeds,2021-01,958,monthly,202374,1.3,88.4,375398,0.5,88.7,217631,1.2,88.0,164922,1.5,87.7,135432,2.1,91.4,291345,0.4,89.1,43,199731,1.4,88.2,915,2021-01-01,0.1,new,12.217877690979936,3.784189633918261
Leeds,2021-02,1130,monthly,201774,-0.3,88.1,371093,-1.1,87.7,216604,-0.5,87.6,164969,0.0,87.7,136009,0.4,91.8,290250,-0.4,88.8,58,199165,-0.3,88.0,1072,2021-01-02,0.1,old,12.214908494192573,4.07753744390572
Leeds,2021-03,1649,monthly,202185,0.2,88.3,368648,-0.7,87.1,216608,0.0,87.6,165630,0.4,88.0,137744,1.3,93.0,291129,0.3,89.0,136,199563,0.2,88.2,1513,2021-01-03,0.1,new,12.216943344793577,4.919980925828125
Leeds,2021-04,1070,monthly,201018,-0.6,87.8,366653,-0.5,86.6,215053,-0.7,86.9,164996,-0.4,87.7,136837,-0.7,92.3,292857,0.6,89.5,64,198184,-0.7,87.6,1006,2021-01-04,0.1,new,12.211154709936967,4.174387269895637
Leeds,2021-05,1002,monthly,201200,0.1,87.9,367695,0.3,86.9,215238,0.1,87.0,165085,0.1,87.7,136741,-0.1,92.3,293394,0.2,89.7,67,198345,0.1,87.6,935,2021-01-05,0.1,old,12.212059687374296,4.219507705176107
Leeds,2021-06,1876,monthly,206222,2.5,90.1,375681,2.2,88.8,220338,2.4,89.1,169915,2.9,90.3,139932,2.3,94.4,296243,1.0,90.6,127,203601,2.6,90.0,1749,2021-01-06,0.1,new,12.236713386536675,4.852030263919617
Leeds,2021-07,776,monthly,205117,-0.5,89.6,374473,-0.3,88.5,219400,-0.4,88.7,168704,-0.7,89.7,138910,-0.7,93.7,295442,-0.3,90.3,40,202459,-0.6,89.4,736,2021-01-07,0.1,new,12.231340702276892,3.713572066704308
Leeds,2021-08,1014,monthly,205308,0.1,89.7,376108,0.4,88.9,220059,0.3,89.0,168583,-0.1,89.6,138128,-0.6,93.2,293599,-0.6,89.8,54,202791,0.2,89.6,960,2021-01-08,0.1,new,12.23227144033159,4.007333185232471
Leeds,2021-09,1655,monthly,203653,-0.8,89.0,374523,-0.4,88.5,218754,-0.6,88.4,166814,-1.0,88.7,136206,-1.4,91.9,292170,-0.5,89.3,107,201091,-0.8,88.8,1548,2021-01-09,0.1,old,12.224177754425527,4.68213122712422
Leeds,2021-10,708,monthly,205299,0.8,89.7,379989,1.5,89.8,220709,0.9,89.2,167791,0.6,89.2,136504,0.2,92.1,289345,-1.0,88.5,56,203063,1.0,89.7,652,2021-01-10,0.1,old,12.232227603007026,4.04305126783455
Leeds,2021-11,864,monthly,206138,0.4,90.1,382377,0.6,90.3,221647,0.4,89.6,168290,0.3,89.4,136947,0.3,92.4,291586,0.8,89.2,63,203821,0.4,90.1,801,2021-01-11,0.1,new,12.23630597750693,4.1588830833596715
Leeds,2021-12,954,monthly,205670,-0.2,89.8,383488,0.3,90.6,221333,-0.1,89.5,167574,-0.4,89.1,135958,-0.7,91.8,289539,-0.7,88.5,92,203455,-0.2,89.9,862,2021-01-12,0.25,old,12.23403308368951,4.532599493153256
Leeds,2022-01,819,monthly,210486,2.3,92.0,390694,1.9,92.3,226795,2.5,91.7,171914,2.6,91.4,138731,2.0,93.6,296004,2.2,90.5,26,208240,2.4,92.0,793,2022-01-01,0.25,old,12.257179172477771,3.295836866004329
Leeds,2022-02,929,monthly,214200,1.8,93.6,396593,1.5,93.7,230778,1.8,93.3,175151,1.9,93.1,141407,1.9,95.4,302908,2.3,92.6,38,211940,1.8,93.6,891,2022-01-02,0.5,old,12.274670105518968,3.6635616461296463
Leeds,2022-03,934,monthly,215509,0.6,94.1,399447,0.7,94.4,232590,0.8,94.0,175901,0.4,93.5,141941,0.4,95.8,308810,1.9,94.4,72,213065,0.5,94.1,862,2022-01-03,0.75,old,12.280762591161617,4.290459441148391
Leeds,2022-04,851,monthly,216434,0.4,94.6,400776,0.3,94.7,233312,0.3,94.3,177038,0.6,94.1,142567,0.4,96.2,310712,0.6,95.0,70,213965,0.4,94.5,781,2022-01-04,0.75,new,12.285045550399467,4.2626798770413155
Leeds,2022-05,860,monthly,217593,0.5,95.1,402514,0.4,95.1,234768,0.6,94.9,178256,0.7,94.7,142610,0.0,96.2,309079,-0.5,94.5,67,215196,0.6,95.1,793,2022-01-05,1.0,new,12.290386220054357,4.219507705176107
Leeds,2022-06,902,monthly,220531,1.4,96.3,406828,1.1,96.1,237780,1.3,96.1,181088,1.6,96.3,144670,1.4,97.6,310531,0.5,95.0,123,218171,1.4,96.4,779,2022-01-06,1.25,old,12.303798088056018,4.820281565605037
Leeds,2022-07,1046,monthly,224603,1.8,98.1,413552,1.7,97.7,242520,2.0,98.1,184563,1.9,98.1,146853,1.5,99.1,315950,1.7,96.6,100,222208,1.9,98.2,946,2022-01-07,1.25,old,12.322094130566896,4.61512051684126
Leeds,2022-08,1046,monthly,227783,1.4,99.5,419006,1.3,99.0,245919,1.4,99.4,187572,1.6,99.7,148446,1.1,100.2,320013,1.3,97.9,82,225365,1.4,99.6,964,2022-01-08,1.75,new,12.336153090478438,4.418840607796598
Leeds,2022-09,975,monthly,230033,1.0,100.5,423416,1.1,100.0,248441,1.0,100.4,189625,1.1,100.8,149159,0.5,100.7,322252,0.7,98.5,103,227616,1.0,100.6,872,2022-01-09,2.25,new,12.34598240306709,4.6443908991413725
Leeds,2022-10,974,monthly,231818,0.8,101.3,427495,1.0,101.0,250343,0.8,101.2,190993,0.7,101.5,150099,0.6,101.3,323462,0.4,98.9,66,229416,0.8,101.4,908,2022-01-10,2.25,old,12.353712173741775,4.204692619390966
Leeds,2022-11,1087,monthly,234139,1.0,102.3,432707,1.2,102.2,252833,1.0,102.2,192720,0.9,102.4,151443,0.9,102.2,328564,1.6,100.5,113,231664,1.0,102.4,974,2022-01-11,3.0,new,12.363674506033663,4.736198448394496
Leeds,2022-12,1011,monthly,233785,-0.2,102.1,431685,-0.2,102.0,252431,-0.2,102.1,192425,-0.2,102.3,151483,0.0,102.2,328564,0.0,100.5,132,231301,-0.2,102.2,879,2022-01-12,3.5,old,12.362161445987692,4.890349128221754
Leeds,2023-01,693,monthly,228909,-2.1,100.0,423270,-1.9,100.0,247332,-2.0,100.0,188143,-2.2,100.0,148177,-2.2,100.0,327037,-0.5,100.0,42,226338,-2.1,100.0,651,2023-01-01,3.5,old,12.34108419218605,3.7612001156935624
Leeds,2023-02,701,monthly,225686,-1.4,98.6,418267,-1.2,98.8,243876,-1.4,98.6,185078,-1.6,98.4,146305,-1.3,98.7,326336,-0.2,99.8,31,223056,-1.5,98.5,670,2023-01-02,4.0,new,12.326904362564576,3.4657359027997265
Leeds,2023-03,796,monthly,223391,-1.0,97.6,416334,-0.5,98.4,241759,-0.9,97.7,182341,-1.5,96.9,144580,-1.2,97.6,330663,1.3,101.1,92,220603,-1.1,97.5,704,2023-01-03,4.25,new,12.316683354770127,4.532599493153256
Leeds,2023-04,595,monthly,223142,-0.1,97.5,416752,0.1,98.5,241499,-0.1,97.6,181818,-0.3,96.6,144641,0.0,97.6,333115,0.7,101.9,59,220296,-0.1,97.3,536,2023-01-04,4.25,old,12.315568100531115,4.0943445622221
Leeds,2023-05,597,monthly,223354,0.1,97.6,416448,-0.1,98.4,241732,0.1,97.7,181890,0.0,96.7,145234,0.4,98.0,333972,0.3,102.1,63,220494,0.1,97.4,534,2023-01-05,4.5,old,12.316517712918769,4.1588830833596715
Leeds,2023-06,875,monthly,223706,0.2,97.7,415913,-0.1,98.3,241688,0.0,97.7,182753,0.5,97.1,145537,0.2,98.2,330074,-1.2,100.9,115,220937,0.2,97.6,760,2023-01-06,5.0,new,12.318092438897446,4.7535901911063645
Leeds,2023-07,759,monthly,228168,2.0,99.7,422916,1.7,99.9,246604,2.0,99.7,186742,2.2,99.3,148167,1.8,100.0,336137,1.8,102.8,36,225354,2.0,99.6,723,2023-01-07,5.0,old,12.3378418614329,3.6109179126442243
Leeds,2023-08,840,monthly,230453,1.0,100.7,427280,1.0,100.9,249082,1.0,100.7,189034,1.2,100.5,148821,0.4,100.4,338260,0.6,103.4,62,227639,1.0,100.6,778,2023-01-08,5.25,new,12.347806555342343,4.143134726391533
Leeds,2023-09,821,monthly,232964,1.1,101.8,431738,1.0,102.0,251914,1.1,101.9,191264,1.2,101.7,150025,0.8,101.2,342912,1.4,104.9,64,230097,1.1,101.7,757,2023-01-09,5.25,old,12.358643506672221,4.174387269895637
Leeds,2023-10,802,monthly,230663,-1.0,100.8,426808,-1.1,100.8,249182,-1.1,100.7,189549,-0.9,100.7,148870,-0.8,100.5,339535,-1.0,103.8,54,227825,-1.0,100.7,748,2023-01-10,5.25,new,12.34871738517123,4.007333185232471
Leeds,2023-11,752,monthly,228605,-0.9,99.9,423414,-0.8,100.0,247209,-0.8,100.0,187479,-1.1,99.6,147676,-0.8,99.7,339474,0.0,103.8,49,225728,-0.9,99.7,703,2023-01-11,5.25,new,12.339755276717568,3.912023005428146
Leeds,2023-12,805,monthly,228265,-0.1,99.7,422041,-0.3,99.7,246944,-0.1,99.8,187026,-0.2,99.4,147904,0.2,99.8,339401,0.0,103.8,122,225383,-0.2,99.6,683,2023-01-12,5.25,new,12.338266894576547,4.812184355372417
Leeds,2024-01,617,monthly,228898,0.3,100.0,423875,0.4,100.1,247646,0.3,100.1,187517,0.3,99.7,148079,0.1,99.9,341190,0.5,104.3,37,225991,0.3,99.8,580,2024-01-01,5.0,old,12.34103613721115,3.6375861597263857
Leeds,2024-02,662,monthly,228637,-0.1,99.9,421622,-0.5,99.6,247282,-0.1,100.0,187797,0.1,99.8,147885,-0.1,99.8,340859,-0.1,104.2,38,225732,-0.1,99.7,624,2024-01-02,5.0,old,12.339895245749648,3.6635616461296463
Leeds,2024-03,737,monthly,228226,-0.2,99.7,420866,-0.2,99.4,246598,-0.3,99.7,187403,-0.2,99.6,148114,0.2,100.0,343818,0.9,105.1,73,225248,-0.2,99.5,664,2024-01-03,5.0,new,12.338096026676734,4.30406509320417
Leeds,2024-04,700,monthly,225179,-1.3,98.4,413818,-1.7,97.8,243183,-1.4,98.3,185040,-1.3,98.4,146696,-1.0,99.0,337320,-1.9,103.1,51,222303,-1.3,98.2,649,2024-01-04,5.0,old,12.324655361357122,3.9512437185814275
Leeds,2024-05,847,monthly,225242,0.0,98.4,413127,-0.2,97.6,243126,0.0,98.3,185082,0.0,98.4,147292,0.4,99.4,336257,-0.3,102.8,71,222403,0.0,98.3,776,2024-01-05,5.0,new,12.32493509840612,4.276666119016055
Leeds,2024-06,866,monthly,226246,0.4,98.8,413608,0.1,97.7,244234,0.5,98.7,186505,0.8,99.1,147474,0.1,99.5,333272,-0.9,101.9,107,223541,0.5,98.8,759,2024-01-06,5.0,new,12.329382601805754,4.68213122712422
Leeds,2024-07,820,monthly,231101,2.1,101.0,421849,2.0,99.7,249761,2.3,101.0,191016,2.4,101.5,149605,1.4,101.0,340484,2.2,104.1,59,228336,2.1,100.9,761,2024-01-07,5.5,old,12.350614450487248,4.0943445622221
Leeds,2024-08,812,monthly,234995,1.7,102.7,428893,1.7,101.3,254053,1.7,102.7,194708,1.9,103.5,151227,1.1,102.1,344966,1.3,105.5,54,232224,1.7,102.6,758,2024-01-08,5.0,old,12.367323771704836,4.007333185232471
Leeds,2024-09,705,monthly,237183,0.9,103.6,434738,1.4,102.7,256938,1.1,103.9,196295,0.8,104.3,151430,0.1,102.2,352325,2.1,107.7,45,234250,0.9,103.5,660,2024-01-09,5.0,new,12.376591490204977,3.828641396489095
Leeds,2024-10,774,monthly,238936,0.7,104.4,439239,1.0,103.8,258470,0.6,104.5,197519,0.6,105.0,152956,1.0,103.2,354811,0.7,108.5,30,235985,0.7,104.3,744,2024-01-10,5.0,old,12.383955197839143,3.4339872044851463
Leeds,2024-11,798,monthly,239397,0.2,104.6,441144,0.4,104.2,259316,0.3,104.8,197587,0.0,105.0,152796,-0.1,103.1,360498,1.6,110.2,21,236280,0.1,104.4,777,2024-01-11,5.0,old,12.385882717852233,3.091042453358316
Leeds,2024-12,720,monthly,240626,0.5,105.1,443617,0.6,104.8,260672,0.5,105.4,198658,0.5,105.6,153366,0.4,103.5,370815,2.9,113.4,14,237230,0.4,104.8,706,2024-01-12,5.0,new,12.391003295677956,2.70805020110221
Leeds,2025-01,520,monthly,239869,-0.3,104.8,442445,-0.3,104.5,260514,-0.1,105.3,198169,-0.2,105.3,151550,-1.2,102.3,381480,2.9,116.6,2,236115,-0.5,104.3,518,2025-01-01,4.25,new,12.387852388903076,1.0986122886681098
Leeds,2025-02,612,monthly,242435,1.1,105.9,448448,1.4,105.9,262978,0.9,106.3,200319,1.1,106.5,153117,1.0,103.3,407545,6.8,124.6,6,237830,0.7,105.1,612,2025-01-02,4.25,old,12.398493037001543,1.9459101490553132
Leeds,2025-03,578,monthly,245512,1.3,107.3,451089,0.6,106.6,266122,1.2,107.6,203098,1.4,107.9,156433,2.2,105.6,416500,4.9,130.0,10,239450,0.8,108.0,567,2025-01-03,4.25,new,12.411105177971566,2.3978952727983707
Leeds,2025-04,800,monthly,246563,0.4,107.7,456161,1.1,107.8,267504,0.5,108.2,202836,-0.1,107.8,157118,0.4,106.0,430500,7.8,132.6,39,250000,0.4,100.7,875,2025-01-04,4.25,new,12.415376873654015,3.6888794541139363
